Destination Port,Flow Duration,Total Fwd Packets,Total Backward Packets,Total Length of Fwd Packets,Total Length of Bwd Packets,Fwd Packet Length Max,Fwd Packet Length Min,Fwd Packet Length Mean,Fwd Packet Length Std,Bwd Packet Length Max,Bwd Packet Length Min,Bwd Packet Length Mean,Bwd Packet Length Std,Flow Bytes/s,Flow Packets/s,Flow IAT Mean,Flow IAT Std,Flow IAT Max,Flow IAT Min,Fwd IAT Total,Fwd IAT Mean,Fwd IAT Std,Fwd IAT Max,Fwd IAT Min,Bwd IAT Total,Bwd IAT Mean,Bwd IAT Std,Bwd IAT Max,Bwd IAT Min,Fwd PSH Flags,Bwd PSH Flags,Fwd URG Flags,Bwd URG Flags,Fwd Header Length,Bwd Header Length,Fwd Packets/s,Bwd Packets/s,Min Packet Length,Max Packet Length,Packet Length Mean,Packet Length Std,Packet Length Variance,FIN Flag Count,SYN Flag Count,RST Flag Count,PSH Flag Count,ACK Flag Count,URG Flag Count,CWE Flag Count,ECE Flag Count,Down/Up Ratio,Average Packet Size,Avg Fwd Segment Size,Avg Bwd Segment Size,Fwd Avg Bytes/Bulk,Fwd Avg Packets/Bulk,Fwd Avg Bulk Rate,Bwd Avg Bytes/Bulk,Bwd Avg Packets/Bulk,Bwd Avg Bulk Rate,Subflow Fwd Packets,Subflow Fwd Bytes,Subflow Bwd Packets,Subflow Bwd Bytes,Init_Win_bytes_forward,Init_Win_bytes_backward,act_data_pkt_fwd,min_seg_size_forward,Active Mean,Active Std,Active Max,Active Min,Idle Mean,Idle Std,Idle Max,Idle Min
199.0,100.0,2.0,1.0,120.0,54.0,60.0,60.0,60.0,0.0,54.0,54.0,54.0,0.0,1.74e+06,30000.0,50.0,50.0,100.0,0.0,0.0,0.0,0.0,0.0,0.0,0.0,0.0,0.0,0.0,0.0,0.0,0.0,0.0,0.0,40.0,20.0,20000.0,10000.0,54.0,60.0,58.0,2.828427,8.0,0.0,2.0,1.0,0.0,1.0,0.0,0.0,0.0,0.5,58.0,60.0,54.0,0.0,0.0,0.0,0.0,0.0,0.0,2.0,120.0,1.0,54.0,1024.0,0.0,2.0,20.0,0.0,0.0,0.0,0.0,0.0,0.0,0.0,0.0
139.0,29.0,2.0,1.0,120.0,54.0,60.0,60.0,60.0,0.0,54.0,54.0,54.0,0.0,6e+06,103448.27,14.5,14.5,29.0,0.0,0.0,0.0,0.0,0.0,0.0,0.0,0.0,0.0,0.0,0.0,0.0,0.0,0.0,0.0,40.0,20.0,68965.516,34482.758,54.0,60.0,58.0,2.828427,8.0,0.0,2.0,1.0,0.0,1.0,0.0,0.0,0.0,0.5,58.0,60.0,54.0,0.0,0.0,0.0,0.0,0.0,0.0,2.0,120.0,1.0,54.0,1024.0,0.0,2.0,20.0,0.0,0.0,0.0,0.0,0.0,0.0,0.0,0.0
256.0,87.0,2.0,1.0,120.0,54.0,60.0,60.0,60.0,0.0,54.0,54.0,54.0,0.0,2e+06,34482.758,43.5,43.5,87.0,0.0,0.0,0.0,0.0,0.0,0.0,0.0,0.0,0.0,0.0,0.0,0.0,0.0,0.0,0.0,40.0,20.0,22988.506,11494.253,54.0,60.0,58.0,2.828427,8.0,0.0,2.0,1.0,0.0,1.0,0.0,0.0,0.0,0.5,58.0,60.0,54.0,0.0,0.0,0.0,0.0,0.0,0.0,2.0,120.0,1.0,54.0,1024.0,0.0,2.0,20.0,0.0,0.0,0.0,0.0,0.0,0.0,0.0,0.0
53.0,38.0,2.0,1.0,120.0,54.0,60.0,60.0,60.0,0.0,54.0,54.0,54.0,0.0,4.5789475e+06,78947.37,19.0,19.0,38.0,0.0,0.0,0.0,0.0,0.0,0.0,0.0,0.0,0.0,0.0,0.0,0.0,0.0,0.0,0.0,40.0,20.0,52631.58,26315.79,54.0,60.0,58.0,2.828427,8.0,0.0,2.0,1.0,0.0,1.0,0.0,0.0,0.0,0.5,58.0,60.0,54.0,0.0,0.0,0.0,0.0,0.0,0.0,2.0,120.0,1.0,54.0,1024.0,0.0,2.0,20.0,0.0,0.0,0.0,0.0,0.0,0.0,0.0,0.0
21.0,30.0,2.0,1.0,120.0,54.0,60.0,60.0,60.0,0.0,54.0,54.0,54.0,0.0,5.8e+06,100000.0,15.0,15.0,30.0,0.0,0.0,0.0,0.0,0.0,0.0,0.0,0.0,0.0,0.0,0.0,0.0,0.0,0.0,0.0,40.0,20.0,66666.664,33333.332,54.0,60.0,58.0,2.828427,8.0,0.0,2.0,1.0,0.0,1.0,0.0,0.0,0.0,0.5,58.0,60.0,54.0,0.0,0.0,0.0,0.0,0.0,0.0,2.0,120.0,1.0,54.0,1024.0,0.0,2.0,20.0,0.0,0.0,0.0,0.0,0.0,0.0,0.0,0.0
113.0,52.0,2.0,1.0,120.0,54.0,60.0,60.0,60.0,0.0,54.0,54.0,54.0,0.0,3.3461538e+06,57692.31,26.0,26.0,52.0,0.0,0.0,0.0,0.0,0.0,0.0,0.0,0.0,0.0,0.0,0.0,0.0,0.0,0.0,0.0,40.0,20.0,38461.54,19230.77,54.0,60.0,58.0,2.828427,8.0,0.0,2.0,1.0,0.0,1.0,0.0,0.0,0.0,0.5,58.0,60.0,54.0,0.0,0.0,0.0,0.0,0.0,0.0,2.0,120.0,1.0,54.0,1024.0,0.0,2.0,20.0,0.0,0.0,0.0,0.0,0.0,0.0,0.0,0.0
443.0,30.0,2.0,1.0,120.0,54.0,60.0,60.0,60.0,0.0,54.0,54.0,54.0,0.0,5.8e+06,100000.0,15.0,15.0,30.0,0.0,0.0,0.0,0.0,0.0,0.0,0.0,0.0,0.0,0.0,0.0,0.0,0.0,0.0,0.0,40.0,20.0,66666.664,33333.332,54.0,60.0,58.0,2.828427,8.0,0.0,2.0,1.0,0.0,1.0,0.0,0.0,0.0,0.5,58.0,60.0,54.0,0.0,0.0,0.0,0.0,0.0,0.0,2.0,120.0,1.0,54.0,1024.0,0.0,2.0,20.0,0.0,0.0,0.0,0.0,0.0,0.0,0.0,0.0
110.0,36.0,2.0,1.0,120.0,54.0,60.0,60.0,60.0,0.0,54.0,54.0,54.0,0.0,4.8333335e+06,83333.336,18.0,18.0,36.0,0.0,0.0,0.0,0.0,0.0,0.0,0.0,0.0,0.0,0.0,0.0,0.0,0.0,0.0,0.0,40.0,20.0,55555.555,27777.777,54.0,60.0,58.0,2.828427,8.0,0.0,2.0,1.0,0.0,1.0,0.0,0.0,0.0,0.5,58.0,60.0,54.0,0.0,0.0,0.0,0.0,0.0,0.0,2.0,120.0,1.0,54.0,1024.0,0.0,2.0,20.0,0.0,0.0,0.0,0.0,0.0,0.0,0.0,0.0
25.0,35.0,2.0,1.0,120.0,54.0,60.0,60.0,60.0,0.0,54.0,54.0,54.0,0.0,4.9714285e+06,85714.29,17.5,17.5,35.0,0.0,0.0,0.0,0.0,0.0,0.0,0.0,0.0,0.0,0.0,0.0,0.0,0.0,0.0,0.0,40.0,20.0,57142.855,28571.428,54.0,60.0,58.0,2.828427,8.0,0.0,2.0,1.0,0.0,1.0,0.0,0.0,0.0,0.5,58.0,60.0,54.0,0.0,0.0,0.0,0.0,0.0,0.0,2.0,120.0,1.0,54.0,1024.0,0.0,2.0,20.0,0.0,0.0,0.0,0.0,0.0,0.0,0.0,0.0
135.0,29.0,2.0,1.0,120.0,54.0,60.0,60.0,60.0,0.0,54.0,54.0,54.0,0.0,6e+06,103448.27,14.5,14.5,29.0,0.0,0.0,0.0,0.0,0.0,0.0,0.0,0.0,0.0,0.0,0.0,0.0,0.0,0.0,0.0,40.0,20.0,68965.516,34482.758,54.0,60.0,58.0,2.828427,8.0,0.0,2.0,1.0,0.0,1.0,0.0,0.0,0.0,0.5,58.0,60.0,54.0,0.0,0.0,0.0,0.0,0.0,0.0,2.0,120.0,1.0,54.0,1024.0,0.0,2.0,20.0,0.0,0.0,0.0,0.0,0.0,0.0,0.0,0.0
445.0,38.0,2.0,1.0,120.0,54.0,60.0,60.0,60.0,0.0,54.0,54.0,54.0,0.0,4.5789475e+06,78947.37,19.0,19.0,38.0,0.0,0.0,0.0,0.0,0.0,0.0,0.0,0.0,0.0,0.0,0.0,0.0,0.0,0.0,0.0,40.0,20.0,52631.58,26315.79,54.0,60.0,58.0,2.828427,8.0,0.0,2.0,1.0,0.0,1.0,0.0,0.0,0.0,0.5,58.0,60.0,54.0,0.0,0.0,0.0,0.0,0.0,0.0,2.0,120.0,1.0,54.0,1024.0,0.0,2.0,20.0,0.0,0.0,0.0,0.0,0.0,0.0,0.0,0.0
80.0,41.0,2.0,1.0,120.0,54.0,60.0,60.0,60.0,0.0,54.0,54.0,54.0,0.0,4.2439025e+06,73170.734,20.5,20.5,41.0,0.0,0.0,0.0,0.0,0.0,0.0,0.0,0.0,0.0,0.0,0.0,0.0,0.0,0.0,0.0,40.0,20.0,48780.49,24390.244,54.0,60.0,58.0,2.828427,8.0,0.0,2.0,1.0,0.0,1.0,0.0,0.0,0.0,0.5,58.0,60.0,54.0,0.0,0.0,0.0,0.0,0.0,0.0,2.0,120.0,1.0,54.0,1024.0,0.0,2.0,20.0,0.0,0.0,0.0,0.0,0.0,0.0,0.0,0.0
22.0,46.0,2.0,1.0,120.0,54.0,60.0,60.0,60.0,0.0,54.0,54.0,54.0,0.0,3.7826088e+06,65217.39,23.0,23.0,46.0,0.0,0.0,0.0,0.0,0.0,0.0,0.0,0.0,0.0,0.0,0.0,0.0,0.0,0.0,0.0,40.0,20.0,43478.26,21739.13,54.0,60.0,58.0,2.828427,8.0,0.0,2.0,1.0,0.0,1.0,0.0,0.0,0.0,0.5,58.0,60.0,54.0,0.0,0.0,0.0,0.0,0.0,0.0,2.0,120.0,1.0,54.0,1024.0,0.0,2.0,20.0,0.0,0.0,0.0,0.0,0.0,0.0,0.0,0.0
23.0,33.0,2.0,1.0,120.0,54.0,60.0,60.0,60.0,0.0,54.0,54.0,54.0,0.0,5.2727275e+06,90909.09,16.5,16.5,33.0,0.0,0.0,0.0,0.0,0.0,0.0,0.0,0.0,0.0,0.0,0.0,0.0,0.0,0.0,0.0,40.0,20.0,60606.062,30303.031,54.0,60.0,58.0,2.828427,8.0,0.0,2.0,1.0,0.0,1.0,0.0,0.0,0.0,0.5,58.0,60.0,54.0,0.0,0.0,0.0,0.0,0.0,0.0,2.0,120.0,1.0,54.0,1024.0,0.0,2.0,20.0,0.0,0.0,0.0,0.0,0.0,0.0,0.0,0.0
8080.0,54.0,2.0,1.0,120.0,54.0,60.0,60.0,60.0,0.0,54.0,54.0,54.0,0.0,3.2222222e+06,55555.555,27.0,27.0,54.0,0.0,0.0,0.0,0.0,0.0,0.0,0.0,0.0,0.0,0.0,0.0,0.0,0.0,0.0,0.0,40.0,20.0,37037.035,18518.518,54.0,60.0,58.0,2.828427,8.0,0.0,2.0,1.0,0.0,1.0,0.0,0.0,0.0,0.5,58.0,60.0,54.0,0.0,0.0,0.0,0.0,0.0,0.0,2.0,120.0,1.0,54.0,1024.0,0.0,2.0,20.0,0.0,0.0,0.0,0.0,0.0,0.0,0.0,0.0
111.0,32.0,2.0,1.0,120.0,54.0,60.0,60.0,60.0,0.0,54.0,54.0,54.0,0.0,5.4375e+06,93750.0,16.0,16.0,32.0,0.0,0.0,0.0,0.0,0.0,0.0,0.0,0.0,0.0,0.0,0.0,0.0,0.0,0.0,0.0,40.0,20.0,62500.0,31250.0,54.0,60.0,58.0,2.828427,8.0,0.0,2.0,1.0,0.0,1.0,0.0,0.0,0.0,0.5,58.0,60.0,54.0,0.0,0.0,0.0,0.0,0.0,0.0,2.0,120.0,1.0,54.0,1024.0,0.0,2.0,20.0,0.0,0.0,0.0,0.0,0.0,0.0,0.0,0.0
143.0,34.0,2.0,1.0,120.0,54.0,60.0,60.0,60.0,0.0,54.0,54.0,54.0,0.0,5.117647e+06,88235.3,17.0,17.0,34.0,0.0,0.0,0.0,0.0,0.0,0.0,0.0,0.0,0.0,0.0,0.0,0.0,0.0,0.0,0.0,40.0,20.0,58823.53,29411.766,54.0,60.0,58.0,2.828427,8.0,0.0,2.0,1.0,0.0,1.0,0.0,0.0,0.0,0.5,58.0,60.0,54.0,0.0,0.0,0.0,0.0,0.0,0.0,2.0,120.0,1.0,54.0,1024.0,0.0,2.0,20.0,0.0,0.0,0.0,0.0,0.0,0.0,0.0,0.0
310.0,32.0,2.0,1.0,120.0,54.0,60.0,60.0,60.0,0.0,54.0,54.0,54.0,0.0,5.4375e+06,93750.0,16.0,16.0,32.0,0.0,0.0,0.0,0.0,0.0,0.0,0.0,0.0,0.0,0.0,0.0,0.0,0.0,0.0,0.0,40.0,20.0,62500.0,31250.0,54.0,60.0,58.0,2.828427,8.0,0.0,2.0,1.0,0.0,1.0,0.0,0.0,0.0,0.5,58.0,60.0,54.0,0.0,0.0,0.0,0.0,0.0,0.0,2.0,120.0,1.0,54.0,1024.0,0.0,2.0,20.0,0.0,0.0,0.0,0.0,0.0,0.0,0.0,0.0
491.0,39.0,2.0,1.0,120.0,54.0,60.0,60.0,60.0,0.0,54.0,54.0,54.0,0.0,4.4615385e+06,76923.08,19.5,19.5,39.0,0.0,0.0,0.0,0.0,0.0,0.0,0.0,0.0,0.0,0.0,0.0,0.0,0.0,0.0,0.0,40.0,20.0,51282.05,25641.025,54.0,60.0,58.0,2.828427,8.0,0.0,2.0,1.0,0.0,1.0,0.0,0.0,0.0,0.5,58.0,60.0,54.0,0.0,0.0,0.0,0.0,0.0,0.0,2.0,120.0,1.0,54.0,1024.0,0.0,2.0,20.0,0.0,0.0,0.0,0.0,0.0,0.0,0.0,0.0
205.0,29.0,2.0,1.0,120.0,54.0,60.0,60.0,60.0,0.0,54.0,54.0,54.0,0.0,6e+06,103448.27,14.5,14.5,29.0,0.0,0.0,0.0,0.0,0.0,0.0,0.0,0.0,0.0,0.0,0.0,0.0,0.0,0.0,0.0,40.0,20.0,68965.516,34482.758,54.0,60.0,58.0,2.828427,8.0,0.0,2.0,1.0,0.0,1.0,0.0,0.0,0.0,0.5,58.0,60.0,54.0,0.0,0.0,0.0,0.0,0.0,0.0,2.0,120.0,1.0,54.0,1024.0,0.0,2.0,20.0,0.0,0.0,0.0,0.0,0.0,0.0,0.0,0.0
279.0,47.0,2.0,1.0,120.0,54.0,60.0,60.0,60.0,0.0,54.0,54.0,54.0,0.0,3.7021278e+06,63829.79,23.5,23.5,47.0,0.0,0.0,0.0,0.0,0.0,0.0,0.0,0.0,0.0,0.0,0.0,0.0,0.0,0.0,0.0,40.0,20.0,42553.19,21276.596,54.0,60.0,58.0,2.828427,8.0,0.0,2.0,1.0,0.0,1.0,0.0,0.0,0.0,0.5,58.0,60.0,54.0,0.0,0.0,0.0,0.0,0.0,0.0,2.0,120.0,1.0,54.0,1024.0,0.0,2.0,20.0,0.0,0.0,0.0,0.0,0.0,0.0,0.0,0.0
124.0,48.0,2.0,1.0,120.0,54.0,60.0,60.0,60.0,0.0,54.0,54.0,54.0,0.0,3.625e+06,62500.0,24.0,24.0,48.0,0.0,0.0,0.0,0.0,0.0,0.0,0.0,0.0,0.0,0.0,0.0,0.0,0.0,0.0,0.0,40.0,20.0,41666.668,20833.334,54.0,60.0,58.0,2.828427,8.0,0.0,2.0,1.0,0.0,1.0,0.0,0.0,0.0,0.5,58.0,60.0,54.0,0.0,0.0,0.0,0.0,0.0,0.0,2.0,120.0,1.0,54.0,1024.0,0.0,2.0,20.0,0.0,0.0,0.0,0.0,0.0,0.0,0.0,0.0
123.0,38.0,2.0,1.0,120.0,54.0,60.0,60.0,60.0,0.0,54.0,54.0,54.0,0.0,4.5789475e+06,78947.37,19.0,19.0,38.0,0.0,0.0,0.0,0.0,0.0,0.0,0.0,0.0,0.0,0.0,0.0,0.0,0.0,0.0,0.0,40.0,20.0,52631.58,26315.79,54.0,60.0,58.0,2.828427,8.0,0.0,2.0,1.0,0.0,1.0,0.0,0.0,0.0,0.5,58.0,60.0,54.0,0.0,0.0,0.0,0.0,0.0,0.0,2.0,120.0,1.0,54.0,1024.0,0.0,2.0,20.0,0.0,0.0,0.0,0.0,0.0,0.0,0.0,0.0
3.0,29.0,2.0,1.0,120.0,54.0,60.0,60.0,60.0,0.0,54.0,54.0,54.0,0.0,6e+06,103448.27,14.5,14.5,29.0,0.0,0.0,0.0,0.0,0.0,0.0,0.0,0.0,0.0,0.0,0.0,0.0,0.0,0.0,0.0,40.0,20.0,68965.516,34482.758,54.0,60.0,58.0,2.828427,8.0,0.0,2.0,1.0,0.0,1.0,0.0,0.0,0.0,0.5,58.0,60.0,54.0,0.0,0.0,0.0,0.0,0.0,0.0,2.0,120.0,1.0,54.0,1024.0,0.0,2.0,20.0,0.0,0.0,0.0,0.0,0.0,0.0,0.0,0.0
15.0,29.0,2.0,1.0,120.0,54.0,60.0,60.0,60.0,0.0,54.0,54.0,54.0,0.0,6e+06,103448.27,14.5,14.5,29.0,0.0,0.0,0.0,0.0,0.0,0.0,0.0,0.0,0.0,0.0,0.0,0.0,0.0,0.0,0.0,40.0,20.0,68965.516,34482.758,54.0,60.0,58.0,2.828427,8.0,0.0,2.0,1.0,0.0,1.0,0.0,0.0,0.0,0.5,58.0,60.0,54.0,0.0,0.0,0.0,0.0,0.0,0.0,2.0,120.0,1.0,54.0,1024.0,0.0,2.0,20.0,0.0,0.0,0.0,0.0,0.0,0.0,0.0,0.0
371.0,33.0,2.0,1.0,120.0,54.0,60.0,60.0,60.0,0.0,54.0,54.0,54.0,0.0,5.2727275e+06,90909.09,16.5,16.5,33.0,0.0,0.0,0.0,0.0,0.0,0.0,0.0,0.0,0.0,0.0,0.0,0.0,0.0,0.0,0.0,40.0,20.0,60606.062,30303.031,54.0,60.0,58.0,2.828427,8.0,0.0,2.0,1.0,0.0,1.0,0.0,0.0,0.0,0.5,58.0,60.0,54.0,0.0,0.0,0.0,0.0,0.0,0.0,2.0,120.0,1.0,54.0,1024.0,0.0,2.0,20.0,0.0,0.0,0.0,0.0,0.0,0.0,0.0,0.0
182.0,31.0,2.0,1.0,120.0,54.0,60.0,60.0,60.0,0.0,54.0,54.0,54.0,0.0,5.612903e+06,96774.195,15.5,15.5,31.0,0.0,0.0,0.0,0.0,0.0,0.0,0.0,0.0,0.0,0.0,0.0,0.0,0.0,0.0,0.0,40.0,20.0,64516.13,32258.064,54.0,60.0,58.0,2.828427,8.0,0.0,2.0,1.0,0.0,1.0,0.0,0.0,0.0,0.5,58.0,60.0,54.0,0.0,0.0,0.0,0.0,0.0,0.0,2.0,120.0,1.0,54.0,1024.0,0.0,2.0,20.0,0.0,0.0,0.0,0.0,0.0,0.0,0.0,0.0
247.0,29.0,2.0,1.0,120.0,54.0,60.0,60.0,60.0,0.0,54.0,54.0,54.0,0.0,6e+06,103448.27,14.5,14.5,29.0,0.0,0.0,0.0,0.0,0.0,0.0,0.0,0.0,0.0,0.0,0.0,0.0,0.0,0.0,0.0,40.0,20.0,68965.516,34482.758,54.0,60.0,58.0,2.828427,8.0,0.0,2.0,1.0,0.0,1.0,0.0,0.0,0.0,0.5,58.0,60.0,54.0,0.0,0.0,0.0,0.0,0.0,0.0,2.0,120.0,1.0,54.0,1024.0,0.0,2.0,20.0,0.0,0.0,0.0,0.0,0.0,0.0,0.0,0.0
5.0,38.0,2.0,1.0,120.0,54.0,60.0,60.0,60.0,0.0,54.0,54.0,54.0,0.0,4.5789475e+06,78947.37,19.0,19.0,38.0,0.0,0.0,0.0,0.0,0.0,0.0,0.0,0.0,0.0,0.0,0.0,0.0,0.0,0.0,0.0,40.0,20.0,52631.58,26315.79,54.0,60.0,58.0,2.828427,8.0,0.0,2.0,1.0,0.0,1.0,0.0,0.0,0.0,0.5,58.0,60.0,54.0,0.0,0.0,0.0,0.0,0.0,0.0,2.0,120.0,1.0,54.0,1024.0,0.0,2.0,20.0,0.0,0.0,0.0,0.0,0.0,0.0,0.0,0.0
262.0,37.0,2.0,1.0,120.0,54.0,60.0,60.0,60.0,0.0,54.0,54.0,54.0,0.0,4.7027025e+06,81081.08,18.5,18.5,37.0,0.0,0.0,0.0,0.0,0.0,0.0,0.0,0.0,0.0,0.0,0.0,0.0,0.0,0.0,0.0,40.0,20.0,54054.055,27027.027,54.0,60.0,58.0,2.828427,8.0,0.0,2.0,1.0,0.0,1.0,0.0,0.0,0.0,0.5,58.0,60.0,54.0,0.0,0.0,0.0,0.0,0.0,0.0,2.0,120.0,1.0,54.0,1024.0,0.0,2.0,20.0,0.0,0.0,0.0,0.0,0.0,0.0,0.0,0.0
202.0,47.0,2.0,1.0,120.0,54.0,60.0,60.0,60.0,0.0,54.0,54.0,54.0,0.0,3.7021278e+06,63829.79,23.5,23.5,47.0,0.0,0.0,0.0,0.0,0.0,0.0,0.0,0.0,0.0,0.0,0.0,0.0,0.0,0.0,0.0,40.0,20.0,42553.19,21276.596,54.0,60.0,58.0,2.828427,8.0,0.0,2.0,1.0,0.0,1.0,0.0,0.0,0.0,0.5,58.0,60.0,54.0,0.0,0.0,0.0,0.0,0.0,0.0,2.0,120.0,1.0,54.0,1024.0,0.0,2.0,20.0,0.0,0.0,0.0,0.0,0.0,0.0,0.0,0.0
482.0,40.0,2.0,1.0,120.0,54.0,60.0,60.0,60.0,0.0,54.0,54.0,54.0,0.0,4.35e+06,75000.0,20.0,20.0,40.0,0.0,0.0,0.0,0.0,0.0,0.0,0.0,0.0,0.0,0.0,0.0,0.0,0.0,0.0,0.0,40.0,20.0,50000.0,25000.0,54.0,60.0,58.0,2.828427,8.0,0.0,2.0,1.0,0.0,1.0,0.0,0.0,0.0,0.5,58.0,60.0,54.0,0.0,0.0,0.0,0.0,0.0,0.0,2.0,120.0,1.0,54.0,1024.0,0.0,2.0,20.0,0.0,0.0,0.0,0.0,0.0,0.0,0.0,0.0
172.0,51.0,2.0,1.0,120.0,54.0,60.0,60.0,60.0,0.0,54.0,54.0,54.0,0.0,3.4117648e+06,58823.53,25.5,25.5,51.0,0.0,0.0,0.0,0.0,0.0,0.0,0.0,0.0,0.0,0.0,0.0,0.0,0.0,0.0,0.0,40.0,20.0,39215.688,19607.844,54.0,60.0,58.0,2.828427,8.0,0.0,2.0,1.0,0.0,1.0,0.0,0.0,0.0,0.5,58.0,60.0,54.0,0.0,0.0,0.0,0.0,0.0,0.0,2.0,120.0,1.0,54.0,1024.0,0.0,2.0,20.0,0.0,0.0,0.0,0.0,0.0,0.0,0.0,0.0
148.0,30.0,2.0,1.0,120.0,54.0,60.0,60.0,60.0,0.0,54.0,54.0,54.0,0.0,5.8e+06,100000.0,15.0,15.0,30.0,0.0,0.0,0.0,0.0,0.0,0.0,0.0,0.0,0.0,0.0,0.0,0.0,0.0,0.0,0.0,40.0,20.0,66666.664,33333.332,54.0,60.0,58.0,2.828427,8.0,0.0,2.0,1.0,0.0,1.0,0.0,0.0,0.0,0.5,58.0,60.0,54.0,0.0,0.0,0.0,0.0,0.0,0.0,2.0,120.0,1.0,54.0,1024.0,0.0,2.0,20.0,0.0,0.0,0.0,0.0,0.0,0.0,0.0,0.0
361.0,29.0,2.0,1.0,120.0,54.0,60.0,60.0,60.0,0.0,54.0,54.0,54.0,0.0,6e+06,103448.27,14.5,14.5,29.0,0.0,0.0,0.0,0.0,0.0,0.0,0.0,0.0,0.0,0.0,0.0,0.0,0.0,0.0,0.0,40.0,20.0,68965.516,34482.758,54.0,60.0,58.0,2.828427,8.0,0.0,2.0,1.0,0.0,1.0,0.0,0.0,0.0,0.5,58.0,60.0,54.0,0.0,0.0,0.0,0.0,0.0,0.0,2.0,120.0,1.0,54.0,1024.0,0.0,2.0,20.0,0.0,0.0,0.0,0.0,0.0,0.0,0.0,0.0
321.0,47.0,2.0,1.0,120.0,54.0,60.0,60.0,60.0,0.0,54.0,54.0,54.0,0.0,3.7021278e+06,63829.79,23.5,23.5,47.0,0.0,0.0,0.0,0.0,0.0,0.0,0.0,0.0,0.0,0.0,0.0,0.0,0.0,0.0,0.0,40.0,20.0,42553.19,21276.596,54.0,60.0,58.0,2.828427,8.0,0.0,2.0,1.0,0.0,1.0,0.0,0.0,0.0,0.5,58.0,60.0,54.0,0.0,0.0,0.0,0.0,0.0,0.0,2.0,120.0,1.0,54.0,1024.0,0.0,2.0,20.0,0.0,0.0,0.0,0.0,0.0,0.0,0.0,0.0
293.0,37.0,2.0,1.0,120.0,54.0,60.0,60.0,60.0,0.0,54.0,54.0,54.0,0.0,4.7027025e+06,81081.08,18.5,18.5,37.0,0.0,0.0,0.0,0.0,0.0,0.0,0.0,0.0,0.0,0.0,0.0,0.0,0.0,0.0,0.0,40.0,20.0,54054.055,27027.027,54.0,60.0,58.0,2.828427,8.0,0.0,2.0,1.0,0.0,1.0,0.0,0.0,0.0,0.5,58.0,60.0,54.0,0.0,0.0,0.0,0.0,0.0,0.0,2.0,120.0,1.0,54.0,1024.0,0.0,2.0,20.0,0.0,0.0,0.0,0.0,0.0,0.0,0.0,0.0
206.0,37.0,2.0,1.0,120.0,54.0,60.0,60.0,60.0,0.0,54.0,54.0,54.0,0.0,4.7027025e+06,81081.08,18.5,18.5,37.0,0.0,0.0,0.0,0.0,0.0,0.0,0.0,0.0,0.0,0.0,0.0,0.0,0.0,0.0,0.0,40.0,20.0,54054.055,27027.027,54.0,60.0,58.0,2.828427,8.0,0.0,2.0,1.0,0.0,1.0,0.0,0.0,0.0,0.5,58.0,60.0,54.0,0.0,0.0,0.0,0.0,0.0,0.0,2.0,120.0,1.0,54.0,1024.0,0.0,2.0,20.0,0.0,0.0,0.0,0.0,0.0,0.0,0.0,0.0
419.0,31.0,2.0,1.0,120.0,54.0,60.0,60.0,60.0,0.0,54.0,54.0,54.0,0.0,5.612903e+06,96774.195,15.5,15.5,31.0,0.0,0.0,0.0,0.0,0.0,0.0,0.0,0.0,0.0,0.0,0.0,0.0,0.0,0.0,0.0,40.0,20.0,64516.13,32258.064,54.0,60.0,58.0,2.828427,8.0,0.0,2.0,1.0,0.0,1.0,0.0,0.0,0.0,0.5,58.0,60.0,54.0,0.0,0.0,0.0,0.0,0.0,0.0,2.0,120.0,1.0,54.0,1024.0,0.0,2.0,20.0,0.0,0.0,0.0,0.0,0.0,0.0,0.0,0.0
471.0,35.0,2.0,1.0,120.0,54.0,60.0,60.0,60.0,0.0,54.0,54.0,54.0,0.0,4.9714285e+06,85714.29,17.5,17.5,35.0,0.0,0.0,0.0,0.0,0.0,0.0,0.0,0.0,0.0,0.0,0.0,0.0,0.0,0.0,0.0,40.0,20.0,57142.855,28571.428,54.0,60.0,58.0,2.828427,8.0,0.0,2.0,1.0,0.0,1.0,0.0,0.0,0.0,0.5,58.0,60.0,54.0,0.0,0.0,0.0,0.0,0.0,0.0,2.0,120.0,1.0,54.0,1024.0,0.0,2.0,20.0,0.0,0.0,0.0,0.0,0.0,0.0,0.0,0.0
229.0,49.0,2.0,1.0,120.0,54.0,60.0,60.0,60.0,0.0,54.0,54.0,54.0,0.0,3.5510205e+06,61224.49,24.5,24.5,49.0,0.0,0.0,0.0,0.0,0.0,0.0,0.0,0.0,0.0,0.0,0.0,0.0,0.0,0.0,0.0,40.0,20.0,40816.33,20408.164,54.0,60.0,58.0,2.828427,8.0,0.0,2.0,1.0,0.0,1.0,0.0,0.0,0.0,0.5,58.0,60.0,54.0,0.0,0.0,0.0,0.0,0.0,0.0,2.0,120.0,1.0,54.0,1024.0,0.0,2.0,20.0,0.0,0.0,0.0,0.0,0.0,0.0,0.0,0.0
411.0,35.0,2.0,1.0,120.0,54.0,60.0,60.0,60.0,0.0,54.0,54.0,54.0,0.0,4.9714285e+06,85714.29,17.5,17.5,35.0,0.0,0.0,0.0,0.0,0.0,0.0,0.0,0.0,0.0,0.0,0.0,0.0,0.0,0.0,0.0,40.0,20.0,57142.855,28571.428,54.0,60.0,58.0,2.828427,8.0,0.0,2.0,1.0,0.0,1.0,0.0,0.0,0.0,0.5,58.0,60.0,54.0,0.0,0.0,0.0,0.0,0.0,0.0,2.0,120.0,1.0,54.0,1024.0,0.0,2.0,20.0,0.0,0.0,0.0,0.0,0.0,0.0,0.0,0.0
89.0,37.0,2.0,1.0,120.0,54.0,60.0,60.0,60.0,0.0,54.0,54.0,54.0,0.0,4.7027025e+06,81081.08,18.5,18.5,37.0,0.0,0.0,0.0,0.0,0.0,0.0,0.0,0.0,0.0,0.0,0.0,0.0,0.0,0.0,0.0,40.0,20.0,54054.055,27027.027,54.0,60.0,58.0,2.828427,8.0,0.0,2.0,1.0,0.0,1.0,0.0,0.0,0.0,0.5,58.0,60.0,54.0,0.0,0.0,0.0,0.0,0.0,0.0,2.0,120.0,1.0,54.0,1024.0,0.0,2.0,20.0,0.0,0.0,0.0,0.0,0.0,0.0,0.0,0.0
200.0,35.0,2.0,1.0,120.0,54.0,60.0,60.0,60.0,0.0,54.0,54.0,54.0,0.0,4.9714285e+06,85714.29,17.5,17.5,35.0,0.0,0.0,0.0,0.0,0.0,0.0,0.0,0.0,0.0,0.0,0.0,0.0,0.0,0.0,0.0,40.0,20.0,57142.855,28571.428,54.0,60.0,58.0,2.828427,8.0,0.0,2.0,1.0,0.0,1.0,0.0,0.0,0.0,0.5,58.0,60.0,54.0,0.0,0.0,0.0,0.0,0.0,0.0,2.0,120.0,1.0,54.0,1024.0,0.0,2.0,20.0,0.0,0.0,0.0,0.0,0.0,0.0,0.0,0.0
102.0,34.0,2.0,1.0,120.0,54.0,60.0,60.0,60.0,0.0,54.0,54.0,54.0,0.0,5.117647e+06,88235.3,17.0,17.0,34.0,0.0,0.0,0.0,0.0,0.0,0.0,0.0,0.0,0.0,0.0,0.0,0.0,0.0,0.0,0.0,40.0,20.0,58823.53,29411.766,54.0,60.0,58.0,2.828427,8.0,0.0,2.0,1.0,0.0,1.0,0.0,0.0,0.0,0.5,58.0,60.0,54.0,0.0,0.0,0.0,0.0,0.0,0.0,2.0,120.0,1.0,54.0,1024.0,0.0,2.0,20.0,0.0,0.0,0.0,0.0,0.0,0.0,0.0,0.0
250.0,47.0,2.0,1.0,120.0,54.0,60.0,60.0,60.0,0.0,54.0,54.0,54.0,0.0,3.7021278e+06,63829.79,23.5,23.5,47.0,0.0,0.0,0.0,0.0,0.0,0.0,0.0,0.0,0.0,0.0,0.0,0.0,0.0,0.0,0.0,40.0,20.0,42553.19,21276.596,54.0,60.0,58.0,2.828427,8.0,0.0,2.0,1.0,0.0,1.0,0.0,0.0,0.0,0.5,58.0,60.0,54.0,0.0,0.0,0.0,0.0,0.0,0.0,2.0,120.0,1.0,54.0,1024.0,0.0,2.0,20.0,0.0,0.0,0.0,0.0,0.0,0.0,0.0,0.0
149.0,102.0,2.0,1.0,120.0,54.0,60.0,60.0,60.0,0.0,54.0,54.0,54.0,0.0,1.7058824e+06,29411.766,51.0,51.0,102.0,0.0,0.0,0.0,0.0,0.0,0.0,0.0,0.0,0.0,0.0,0.0,0.0,0.0,0.0,0.0,40.0,20.0,19607.844,9803.922,54.0,60.0,58.0,2.828427,8.0,0.0,2.0,1.0,0.0,1.0,0.0,0.0,0.0,0.5,58.0,60.0,54.0,0.0,0.0,0.0,0.0,0.0,0.0,2.0,120.0,1.0,54.0,1024.0,0.0,2.0,20.0,0.0,0.0,0.0,0.0,0.0,0.0,0.0,0.0
319.0,30.0,2.0,1.0,120.0,54.0,60.0,60.0,60.0,0.0,54.0,54.0,54.0,0.0,5.8e+06,100000.0,15.0,15.0,30.0,0.0,0.0,0.0,0.0,0.0,0.0,0.0,0.0,0.0,0.0,0.0,0.0,0.0,0.0,0.0,40.0,20.0,66666.664,33333.332,54.0,60.0,58.0,2.828427,8.0,0.0,2.0,1.0,0.0,1.0,0.0,0.0,0.0,0.5,58.0,60.0,54.0,0.0,0.0,0.0,0.0,0.0,0.0,2.0,120.0,1.0,54.0,1024.0,0.0,2.0,20.0,0.0,0.0,0.0,0.0,0.0,0.0,0.0,0.0
164.0,216.0,2.0,1.0,120.0,54.0,60.0,60.0,60.0,0.0,54.0,54.0,54.0,0.0,805555.56,13888.889,108.0,108.0,216.0,0.0,0.0,0.0,0.0,0.0,0.0,0.0,0.0,0.0,0.0,0.0,0.0,0.0,0.0,0.0,40.0,20.0,9259.259,4629.6294,54.0,60.0,58.0,2.828427,8.0,0.0,2.0,1.0,0.0,1.0,0.0,0.0,0.0,0.5,58.0,60.0,54.0,0.0,0.0,0.0,0.0,0.0,0.0,2.0,120.0,1.0,54.0,1024.0,0.0,2.0,20.0,0.0,0.0,0.0,0.0,0.0,0.0,0.0,0.0
259.0,36.0,2.0,1.0,120.0,54.0,60.0,60.0,60.0,0.0,54.0,54.0,54.0,0.0,4.8333335e+06,83333.336,18.0,18.0,36.0,0.0,0.0,0.0,0.0,0.0,0.0,0.0,0.0,0.0,0.0,0.0,0.0,0.0,0.0,0.0,40.0,20.0,55555.555,27777.777,54.0,60.0,58.0,2.828427,8.0,0.0,2.0,1.0,0.0,1.0,0.0,0.0,0.0,0.5,58.0,60.0,54.0,0.0,0.0,0.0,0.0,0.0,0.0,2.0,120.0,1.0,54.0,1024.0,0.0,2.0,20.0,0.0,0.0,0.0,0.0,0.0,0.0,0.0,0.0
196.0,38.0,2.0,1.0,120.0,54.0,60.0,60.0,60.0,0.0,54.0,54.0,54.0,0.0,4.5789475e+06,78947.37,19.0,19.0,38.0,0.0,0.0,0.0,0.0,0.0,0.0,0.0,0.0,0.0,0.0,0.0,0.0,0.0,0.0,0.0,40.0,20.0,52631.58,26315.79,54.0,60.0,58.0,2.828427,8.0,0.0,2.0,1.0,0.0,1.0,0.0,0.0,0.0,0.5,58.0,60.0,54.0,0.0,0.0,0.0,0.0,0.0,0.0,2.0,120.0,1.0,54.0,1024.0,0.0,2.0,20.0,0.0,0.0,0.0,0.0,0.0,0.0,0.0,0.0
222.0,39.0,2.0,1.0,120.0,54.0,60.0,60.0,60.0,0.0,54.0,54.0,54.0,0.0,4.4615385e+06,76923.08,19.5,19.5,39.0,0.0,0.0,0.0,0.0,0.0,0.0,0.0,0.0,0.0,0.0,0.0,0.0,0.0,0.0,0.0,40.0,20.0,51282.05,25641.025,54.0,60.0,58.0,2.828427,8.0,0.0,2.0,1.0,0.0,1.0,0.0,0.0,0.0,0.5,58.0,60.0,54.0,0.0,0.0,0.0,0.0,0.0,0.0,2.0,120.0,1.0,54.0,1024.0,0.0,2.0,20.0,0.0,0.0,0.0,0.0,0.0,0.0,0.0,0.0
349.0,33.0,2.0,1.0,120.0,54.0,60.0,60.0,60.0,0.0,54.0,54.0,54.0,0.0,5.2727275e+06,90909.09,16.5,16.5,33.0,0.0,0.0,0.0,0.0,0.0,0.0,0.0,0.0,0.0,0.0,0.0,0.0,0.0,0.0,0.0,40.0,20.0,60606.062,30303.031,54.0,60.0,58.0,2.828427,8.0,0.0,2.0,1.0,0.0,1.0,0.0,0.0,0.0,0.5,58.0,60.0,54.0,0.0,0.0,0.0,0.0,0.0,0.0,2.0,120.0,1.0,54.0,1024.0,0.0,2.0,20.0,0.0,0.0,0.0,0.0,0.0,0.0,0.0,0.0
191.0,29.0,2.0,1.0,120.0,54.0,60.0,60.0,60.0,0.0,54.0,54.0,54.0,0.0,6e+06,103448.27,14.5,14.5,29.0,0.0,0.0,0.0,0.0,0.0,0.0,0.0,0.0,0.0,0.0,0.0,0.0,0.0,0.0,0.0,40.0,20.0,68965.516,34482.758,54.0,60.0,58.0,2.828427,8.0,0.0,2.0,1.0,0.0,1.0,0.0,0.0,0.0,0.5,58.0,60.0,54.0,0.0,0.0,0.0,0.0,0.0,0.0,2.0,120.0,1.0,54.0,1024.0,0.0,2.0,20.0,0.0,0.0,0.0,0.0,0.0,0.0,0.0,0.0
38.0,35.0,2.0,1.0,120.0,54.0,60.0,60.0,60.0,0.0,54.0,54.0,54.0,0.0,4.9714285e+06,85714.29,17.5,17.5,35.0,0.0,0.0,0.0,0.0,0.0,0.0,0.0,0.0,0.0,0.0,0.0,0.0,0.0,0.0,0.0,40.0,20.0,57142.855,28571.428,54.0,60.0,58.0,2.828427,8.0,0.0,2.0,1.0,0.0,1.0,0.0,0.0,0.0,0.5,58.0,60.0,54.0,0.0,0.0,0.0,0.0,0.0,0.0,2.0,120.0,1.0,54.0,1024.0,0.0,2.0,20.0,0.0,0.0,0.0,0.0,0.0,0.0,0.0,0.0
475.0,31.0,2.0,1.0,120.0,54.0,60.0,60.0,60.0,0.0,54.0,54.0,54.0,0.0,5.612903e+06,96774.195,15.5,15.5,31.0,0.0,0.0,0.0,0.0,0.0,0.0,0.0,0.0,0.0,0.0,0.0,0.0,0.0,0.0,0.0,40.0,20.0,64516.13,32258.064,54.0,60.0,58.0,2.828427,8.0,0.0,2.0,1.0,0.0,1.0,0.0,0.0,0.0,0.5,58.0,60.0,54.0,0.0,0.0,0.0,0.0,0.0,0.0,2.0,120.0,1.0,54.0,1024.0,0.0,2.0,20.0,0.0,0.0,0.0,0.0,0.0,0.0,0.0,0.0
276.0,38.0,2.0,1.0,120.0,54.0,60.0,60.0,60.0,0.0,54.0,54.0,54.0,0.0,4.5789475e+06,78947.37,19.0,19.0,38.0,0.0,0.0,0.0,0.0,0.0,0.0,0.0,0.0,0.0,0.0,0.0,0.0,0.0,0.0,0.0,40.0,20.0,52631.58,26315.79,54.0,60.0,58.0,2.828427,8.0,0.0,2.0,1.0,0.0,1.0,0.0,0.0,0.0,0.5,58.0,60.0,54.0,0.0,0.0,0.0,0.0,0.0,0.0,2.0,120.0,1.0,54.0,1024.0,0.0,2.0,20.0,0.0,0.0,0.0,0.0,0.0,0.0,0.0,0.0
422.0,31.0,2.0,1.0,120.0,54.0,60.0,60.0,60.0,0.0,54.0,54.0,54.0,0.0,5.612903e+06,96774.195,15.5,15.5,31.0,0.0,0.0,0.0,0.0,0.0,0.0,0.0,0.0,0.0,0.0,0.0,0.0,0.0,0.0,0.0,40.0,20.0,64516.13,32258.064,54.0,60.0,58.0,2.828427,8.0,0.0,2.0,1.0,0.0,1.0,0.0,0.0,0.0,0.5,58.0,60.0,54.0,0.0,0.0,0.0,0.0,0.0,0.0,2.0,120.0,1.0,54.0,1024.0,0.0,2.0,20.0,0.0,0.0,0.0,0.0,0.0,0.0,0.0,0.0
488.0,37.0,2.0,1.0,120.0,54.0,60.0,60.0,60.0,0.0,54.0,54.0,54.0,0.0,4.7027025e+06,81081.08,18.5,18.5,37.0,0.0,0.0,0.0,0.0,0.0,0.0,0.0,0.0,0.0,0.0,0.0,0.0,0.0,0.0,0.0,40.0,20.0,54054.055,27027.027,54.0,60.0,58.0,2.828427,8.0,0.0,2.0,1.0,0.0,1.0,0.0,0.0,0.0,0.5,58.0,60.0,54.0,0.0,0.0,0.0,0.0,0.0,0.0,2.0,120.0,1.0,54.0,1024.0,0.0,2.0,20.0,0.0,0.0,0.0,0.0,0.0,0.0,0.0,0.0
271.0,34.0,2.0,1.0,120.0,54.0,60.0,60.0,60.0,0.0,54.0,54.0,54.0,0.0,5.117647e+06,88235.3,17.0,17.0,34.0,0.0,0.0,0.0,0.0,0.0,0.0,0.0,0.0,0.0,0.0,0.0,0.0,0.0,0.0,0.0,40.0,20.0,58823.53,29411.766,54.0,60.0,58.0,2.828427,8.0,0.0,2.0,1.0,0.0,1.0,0.0,0.0,0.0,0.5,58.0,60.0,54.0,0.0,0.0,0.0,0.0,0.0,0.0,2.0,120.0,1.0,54.0,1024.0,0.0,2.0,20.0,0.0,0.0,0.0,0.0,0.0,0.0,0.0,0.0
6.0,48.0,2.0,1.0,120.0,54.0,60.0,60.0,60.0,0.0,54.0,54.0,54.0,0.0,3.625e+06,62500.0,24.0,24.0,48.0,0.0,0.0,0.0,0.0,0.0,0.0,0.0,0.0,0.0,0.0,0.0,0.0,0.0,0.0,0.0,40.0,20.0,41666.668,20833.334,54.0,60.0,58.0,2.828427,8.0,0.0,2.0,1.0,0.0,1.0,0.0,0.0,0.0,0.5,58.0,60.0,54.0,0.0,0.0,0.0,0.0,0.0,0.0,2.0,120.0,1.0,54.0,1024.0,0.0,2.0,20.0,0.0,0.0,0.0,0.0,0.0,0.0,0.0,0.0
108.0,46.0,2.0,1.0,120.0,54.0,60.0,60.0,60.0,0.0,54.0,54.0,54.0,0.0,3.7826088e+06,65217.39,23.0,23.0,46.0,0.0,0.0,0.0,0.0,0.0,0.0,0.0,0.0,0.0,0.0,0.0,0.0,0.0,0.0,0.0,40.0,20.0,43478.26,21739.13,54.0,60.0,58.0,2.828427,8.0,0.0,2.0,1.0,0.0,1.0,0.0,0.0,0.0,0.5,58.0,60.0,54.0,0.0,0.0,0.0,0.0,0.0,0.0,2.0,120.0,1.0,54.0,1024.0,0.0,2.0,20.0,0.0,0.0,0.0,0.0,0.0,0.0,0.0,0.0
187.0,31.0,2.0,1.0,120.0,54.0,60.0,60.0,60.0,0.0,54.0,54.0,54.0,0.0,5.612903e+06,96774.195,15.5,15.5,31.0,0.0,0.0,0.0,0.0,0.0,0.0,0.0,0.0,0.0,0.0,0.0,0.0,0.0,0.0,0.0,40.0,20.0,64516.13,32258.064,54.0,60.0,58.0,2.828427,8.0,0.0,2.0,1.0,0.0,1.0,0.0,0.0,0.0,0.5,58.0,60.0,54.0,0.0,0.0,0.0,0.0,0.0,0.0,2.0,120.0,1.0,54.0,1024.0,0.0,2.0,20.0,0.0,0.0,0.0,0.0,0.0,0.0,0.0,0.0
423.0,38.0,2.0,1.0,120.0,54.0,60.0,60.0,60.0,0.0,54.0,54.0,54.0,0.0,4.5789475e+06,78947.37,19.0,19.0,38.0,0.0,0.0,0.0,0.0,0.0,0.0,0.0,0.0,0.0,0.0,0.0,0.0,0.0,0.0,0.0,40.0,20.0,52631.58,26315.79,54.0,60.0,58.0,2.828427,8.0,0.0,2.0,1.0,0.0,1.0,0.0,0.0,0.0,0.5,58.0,60.0,54.0,0.0,0.0,0.0,0.0,0.0,0.0,2.0,120.0,1.0,54.0,1024.0,0.0,2.0,20.0,0.0,0.0,0.0,0.0,0.0,0.0,0.0,0.0
106.0,32.0,2.0,1.0,120.0,54.0,60.0,60.0,60.0,0.0,54.0,54.0,54.0,0.0,5.4375e+06,93750.0,16.0,16.0,32.0,0.0,0.0,0.0,0.0,0.0,0.0,0.0,0.0,0.0,0.0,0.0,0.0,0.0,0.0,0.0,40.0,20.0,62500.0,31250.0,54.0,60.0,58.0,2.828427,8.0,0.0,2.0,1.0,0.0,1.0,0.0,0.0,0.0,0.5,58.0,60.0,54.0,0.0,0.0,0.0,0.0,0.0,0.0,2.0,120.0,1.0,54.0,1024.0,0.0,2.0,20.0,0.0,0.0,0.0,0.0,0.0,0.0,0.0,0.0
223.0,32.0,2.0,1.0,120.0,54.0,60.0,60.0,60.0,0.0,54.0,54.0,54.0,0.0,5.4375e+06,93750.0,16.0,16.0,32.0,0.0,0.0,0.0,0.0,0.0,0.0,0.0,0.0,0.0,0.0,0.0,0.0,0.0,0.0,0.0,40.0,20.0,62500.0,31250.0,54.0,60.0,58.0,2.828427,8.0,0.0,2.0,1.0,0.0,1.0,0.0,0.0,0.0,0.5,58.0,60.0,54.0,0.0,0.0,0.0,0.0,0.0,0.0,2.0,120.0,1.0,54.0,1024.0,0.0,2.0,20.0,0.0,0.0,0.0,0.0,0.0,0.0,0.0,0.0
77.0,36.0,2.0,1.0,120.0,54.0,60.0,60.0,60.0,0.0,54.0,54.0,54.0,0.0,4.8333335e+06,83333.336,18.0,18.0,36.0,0.0,0.0,0.0,0.0,0.0,0.0,0.0,0.0,0.0,0.0,0.0,0.0,0.0,0.0,0.0,40.0,20.0,55555.555,27777.777,54.0,60.0,58.0,2.828427,8.0,0.0,2.0,1.0,0.0,1.0,0.0,0.0,0.0,0.5,58.0,60.0,54.0,0.0,0.0,0.0,0.0,0.0,0.0,2.0,120.0,1.0,54.0,1024.0,0.0,2.0,20.0,0.0,0.0,0.0,0.0,0.0,0.0,0.0,0.0
32.0,31.0,2.0,1.0,120.0,54.0,60.0,60.0,60.0,0.0,54.0,54.0,54.0,0.0,5.612903e+06,96774.195,15.5,15.5,31.0,0.0,0.0,0.0,0.0,0.0,0.0,0.0,0.0,0.0,0.0,0.0,0.0,0.0,0.0,0.0,40.0,20.0,64516.13,32258.064,54.0,60.0,58.0,2.828427,8.0,0.0,2.0,1.0,0.0,1.0,0.0,0.0,0.0,0.5,58.0,60.0,54.0,0.0,0.0,0.0,0.0,0.0,0.0,2.0,120.0,1.0,54.0,1024.0,0.0,2.0,20.0,0.0,0.0,0.0,0.0,0.0,0.0,0.0,0.0
85.0,37.0,2.0,1.0,120.0,54.0,60.0,60.0,60.0,0.0,54.0,54.0,54.0,0.0,4.7027025e+06,81081.08,18.5,18.5,37.0,0.0,0.0,0.0,0.0,0.0,0.0,0.0,0.0,0.0,0.0,0.0,0.0,0.0,0.0,0.0,40.0,20.0,54054.055,27027.027,54.0,60.0,58.0,2.828427,8.0,0.0,2.0,1.0,0.0,1.0,0.0,0.0,0.0,0.5,58.0,60.0,54.0,0.0,0.0,0.0,0.0,0.0,0.0,2.0,120.0,1.0,54.0,1024.0,0.0,2.0,20.0,0.0,0.0,0.0,0.0,0.0,0.0,0.0,0.0
457.0,40.0,2.0,1.0,120.0,54.0,60.0,60.0,60.0,0.0,54.0,54.0,54.0,0.0,4.35e+06,75000.0,20.0,20.0,40.0,0.0,0.0,0.0,0.0,0.0,0.0,0.0,0.0,0.0,0.0,0.0,0.0,0.0,0.0,0.0,40.0,20.0,50000.0,25000.0,54.0,60.0,58.0,2.828427,8.0,0.0,2.0,1.0,0.0,1.0,0.0,0.0,0.0,0.5,58.0,60.0,54.0,0.0,0.0,0.0,0.0,0.0,0.0,2.0,120.0,1.0,54.0,1024.0,0.0,2.0,20.0,0.0,0.0,0.0,0.0,0.0,0.0,0.0,0.0
130.0,38.0,2.0,1.0,120.0,54.0,60.0,60.0,60.0,0.0,54.0,54.0,54.0,0.0,4.5789475e+06,78947.37,19.0,19.0,38.0,0.0,0.0,0.0,0.0,0.0,0.0,0.0,0.0,0.0,0.0,0.0,0.0,0.0,0.0,0.0,40.0,20.0,52631.58,26315.79,54.0,60.0,58.0,2.828427,8.0,0.0,2.0,1.0,0.0,1.0,0.0,0.0,0.0,0.5,58.0,60.0,54.0,0.0,0.0,0.0,0.0,0.0,0.0,2.0,120.0,1.0,54.0,1024.0,0.0,2.0,20.0,0.0,0.0,0.0,0.0,0.0,0.0,0.0,0.0
146.0,30.0,2.0,1.0,120.0,54.0,60.0,60.0,60.0,0.0,54.0,54.0,54.0,0.0,5.8e+06,100000.0,15.0,15.0,30.0,0.0,0.0,0.0,0.0,0.0,0.0,0.0,0.0,0.0,0.0,0.0,0.0,0.0,0.0,0.0,40.0,20.0,66666.664,33333.332,54.0,60.0,58.0,2.828427,8.0,0.0,2.0,1.0,0.0,1.0,0.0,0.0,0.0,0.5,58.0,60.0,54.0,0.0,0.0,0.0,0.0,0.0,0.0,2.0,120.0,1.0,54.0,1024.0,0.0,2.0,20.0,0.0,0.0,0.0,0.0,0.0,0.0,0.0,0.0
227.0,30.0,2.0,1.0,120.0,54.0,60.0,60.0,60.0,0.0,54.0,54.0,54.0,0.0,5.8e+06,100000.0,15.0,15.0,30.0,0.0,0.0,0.0,0.0,0.0,0.0,0.0,0.0,0.0,0.0,0.0,0.0,0.0,0.0,0.0,40.0,20.0,66666.664,33333.332,54.0,60.0,58.0,2.828427,8.0,0.0,2.0,1.0,0.0,1.0,0.0,0.0,0.0,0.5,58.0,60.0,54.0,0.0,0.0,0.0,0.0,0.0,0.0,2.0,120.0,1.0,54.0,1024.0,0.0,2.0,20.0,0.0,0.0,0.0,0.0,0.0,0.0,0.0,0.0
487.0,38.0,2.0,1.0,120.0,54.0,60.0,60.0,60.0,0.0,54.0,54.0,54.0,0.0,4.5789475e+06,78947.37,19.0,19.0,38.0,0.0,0.0,0.0,0.0,0.0,0.0,0.0,0.0,0.0,0.0,0.0,0.0,0.0,0.0,0.0,40.0,20.0,52631.58,26315.79,54.0,60.0,58.0,2.828427,8.0,0.0,2.0,1.0,0.0,1.0,0.0,0.0,0.0,0.5,58.0,60.0,54.0,0.0,0.0,0.0,0.0,0.0,0.0,2.0,120.0,1.0,54.0,1024.0,0.0,2.0,20.0,0.0,0.0,0.0,0.0,0.0,0.0,0.0,0.0
50.0,40.0,2.0,1.0,120.0,54.0,60.0,60.0,60.0,0.0,54.0,54.0,54.0,0.0,4.35e+06,75000.0,20.0,20.0,40.0,0.0,0.0,0.0,0.0,0.0,0.0,0.0,0.0,0.0,0.0,0.0,0.0,0.0,0.0,0.0,40.0,20.0,50000.0,25000.0,54.0,60.0,58.0,2.828427,8.0,0.0,2.0,1.0,0.0,1.0,0.0,0.0,0.0,0.5,58.0,60.0,54.0,0.0,0.0,0.0,0.0,0.0,0.0,2.0,120.0,1.0,54.0,1024.0,0.0,2.0,20.0,0.0,0.0,0.0,0.0,0.0,0.0,0.0,0.0
494.0,37.0,2.0,1.0,120.0,54.0,60.0,60.0,60.0,0.0,54.0,54.0,54.0,0.0,4.7027025e+06,81081.08,18.5,18.5,37.0,0.0,0.0,0.0,0.0,0.0,0.0,0.0,0.0,0.0,0.0,0.0,0.0,0.0,0.0,0.0,40.0,20.0,54054.055,27027.027,54.0,60.0,58.0,2.828427,8.0,0.0,2.0,1.0,0.0,1.0,0.0,0.0,0.0,0.5,58.0,60.0,54.0,0.0,0.0,0.0,0.0,0.0,0.0,2.0,120.0,1.0,54.0,1024.0,0.0,2.0,20.0,0.0,0.0,0.0,0.0,0.0,0.0,0.0,0.0
181.0,31.0,2.0,1.0,120.0,54.0,60.0,60.0,60.0,0.0,54.0,54.0,54.0,0.0,5.612903e+06,96774.195,15.5,15.5,31.0,0.0,0.0,0.0,0.0,0.0,0.0,0.0,0.0,0.0,0.0,0.0,0.0,0.0,0.0,0.0,40.0,20.0,64516.13,32258.064,54.0,60.0,58.0,2.828427,8.0,0.0,2.0,1.0,0.0,1.0,0.0,0.0,0.0,0.5,58.0,60.0,54.0,0.0,0.0,0.0,0.0,0.0,0.0,2.0,120.0,1.0,54.0,1024.0,0.0,2.0,20.0,0.0,0.0,0.0,0.0,0.0,0.0,0.0,0.0
414.0,33.0,2.0,1.0,120.0,54.0,60.0,60.0,60.0,0.0,54.0,54.0,54.0,0.0,5.2727275e+06,90909.09,16.5,16.5,33.0,0.0,0.0,0.0,0.0,0.0,0.0,0.0,0.0,0.0,0.0,0.0,0.0,0.0,0.0,0.0,40.0,20.0,60606.062,30303.031,54.0,60.0,58.0,2.828427,8.0,0.0,2.0,1.0,0.0,1.0,0.0,0.0,0.0,0.5,58.0,60.0,54.0,0.0,0.0,0.0,0.0,0.0,0.0,2.0,120.0,1.0,54.0,1024.0,0.0,2.0,20.0,0.0,0.0,0.0,0.0,0.0,0.0,0.0,0.0
41.0,32.0,2.0,1.0,120.0,54.0,60.0,60.0,60.0,0.0,54.0,54.0,54.0,0.0,5.4375e+06,93750.0,16.0,16.0,32.0,0.0,0.0,0.0,0.0,0.0,0.0,0.0,0.0,0.0,0.0,0.0,0.0,0.0,0.0,0.0,40.0,20.0,62500.0,31250.0,54.0,60.0,58.0,2.828427,8.0,0.0,2.0,1.0,0.0,1.0,0.0,0.0,0.0,0.5,58.0,60.0,54.0,0.0,0.0,0.0,0.0,0.0,0.0,2.0,120.0,1.0,54.0,1024.0,0.0,2.0,20.0,0.0,0.0,0.0,0.0,0.0,0.0,0.0,0.0
99.0,42.0,2.0,1.0,120.0,54.0,60.0,60.0,60.0,0.0,54.0,54.0,54.0,0.0,4.1428572e+06,71428.57,21.0,21.0,42.0,0.0,0.0,0.0,0.0,0.0,0.0,0.0,0.0,0.0,0.0,0.0,0.0,0.0,0.0,0.0,40.0,20.0,47619.047,23809.523,54.0,60.0,58.0,2.828427,8.0,0.0,2.0,1.0,0.0,1.0,0.0,0.0,0.0,0.5,58.0,60.0,54.0,0.0,0.0,0.0,0.0,0.0,0.0,2.0,120.0,1.0,54.0,1024.0,0.0,2.0,20.0,0.0,0.0,0.0,0.0,0.0,0.0,0.0,0.0
359.0,30.0,2.0,1.0,120.0,54.0,60.0,60.0,60.0,0.0,54.0,54.0,54.0,0.0,5.8e+06,100000.0,15.0,15.0,30.0,0.0,0.0,0.0,0.0,0.0,0.0,0.0,0.0,0.0,0.0,0.0,0.0,0.0,0.0,0.0,40.0,20.0,66666.664,33333.332,54.0,60.0,58.0,2.828427,8.0,0.0,2.0,1.0,0.0,1.0,0.0,0.0,0.0,0.5,58.0,60.0,54.0,0.0,0.0,0.0,0.0,0.0,0.0,2.0,120.0,1.0,54.0,1024.0,0.0,2.0,20.0,0.0,0.0,0.0,0.0,0.0,0.0,0.0,0.0
476.0,35.0,2.0,1.0,120.0,54.0,60.0,60.0,60.0,0.0,54.0,54.0,54.0,0.0,4.9714285e+06,85714.29,17.5,17.5,35.0,0.0,0.0,0.0,0.0,0.0,0.0,0.0,0.0,0.0,0.0,0.0,0.0,0.0,0.0,0.0,40.0,20.0,57142.855,28571.428,54.0,60.0,58.0,2.828427,8.0,0.0,2.0,1.0,0.0,1.0,0.0,0.0,0.0,0.5,58.0,60.0,54.0,0.0,0.0,0.0,0.0,0.0,0.0,2.0,120.0,1.0,54.0,1024.0,0.0,2.0,20.0,0.0,0.0,0.0,0.0,0.0,0.0,0.0,0.0
65.0,30.0,2.0,1.0,120.0,54.0,60.0,60.0,60.0,0.0,54.0,54.0,54.0,0.0,5.8e+06,100000.0,15.0,15.0,30.0,0.0,0.0,0.0,0.0,0.0,0.0,0.0,0.0,0.0,0.0,0.0,0.0,0.0,0.0,0.0,40.0,20.0,66666.664,33333.332,54.0,60.0,58.0,2.828427,8.0,0.0,2.0,1.0,0.0,1.0,0.0,0.0,0.0,0.5,58.0,60.0,54.0,0.0,0.0,0.0,0.0,0.0,0.0,2.0,120.0,1.0,54.0,1024.0,0.0,2.0,20.0,0.0,0.0,0.0,0.0,0.0,0.0,0.0,0.0
235.0,52.0,2.0,1.0,120.0,54.0,60.0,60.0,60.0,0.0,54.0,54.0,54.0,0.0,3.3461538e+06,57692.31,26.0,26.0,52.0,0.0,0.0,0.0,0.0,0.0,0.0,0.0,0.0,0.0,0.0,0.0,0.0,0.0,0.0,0.0,40.0,20.0,38461.54,19230.77,54.0,60.0,58.0,2.828427,8.0,0.0,2.0,1.0,0.0,1.0,0.0,0.0,0.0,0.5,58.0,60.0,54.0,0.0,0.0,0.0,0.0,0.0,0.0,2.0,120.0,1.0,54.0,1024.0,0.0,2.0,20.0,0.0,0.0,0.0,0.0,0.0,0.0,0.0,0.0
337.0,32.0,2.0,1.0,120.0,54.0,60.0,60.0,60.0,0.0,54.0,54.0,54.0,0.0,5.4375e+06,93750.0,16.0,16.0,32.0,0.0,0.0,0.0,0.0,0.0,0.0,0.0,0.0,0.0,0.0,0.0,0.0,0.0,0.0,0.0,40.0,20.0,62500.0,31250.0,54.0,60.0,58.0,2.828427,8.0,0.0,2.0,1.0,0.0,1.0,0.0,0.0,0.0,0.5,58.0,60.0,54.0,0.0,0.0,0.0,0.0,0.0,0.0,2.0,120.0,1.0,54.0,1024.0,0.0,2.0,20.0,0.0,0.0,0.0,0.0,0.0,0.0,0.0,0.0
174.0,30.0,2.0,1.0,120.0,54.0,60.0,60.0,60.0,0.0,54.0,54.0,54.0,0.0,5.8e+06,100000.0,15.0,15.0,30.0,0.0,0.0,0.0,0.0,0.0,0.0,0.0,0.0,0.0,0.0,0.0,0.0,0.0,0.0,0.0,40.0,20.0,66666.664,33333.332,54.0,60.0,58.0,2.828427,8.0,0.0,2.0,1.0,0.0,1.0,0.0,0.0,0.0,0.5,58.0,60.0,54.0,0.0,0.0,0.0,0.0,0.0,0.0,2.0,120.0,1.0,54.0,1024.0,0.0,2.0,20.0,0.0,0.0,0.0,0.0,0.0,0.0,0.0,0.0
474.0,41.0,2.0,1.0,120.0,54.0,60.0,60.0,60.0,0.0,54.0,54.0,54.0,0.0,4.2439025e+06,73170.734,20.5,20.5,41.0,0.0,0.0,0.0,0.0,0.0,0.0,0.0,0.0,0.0,0.0,0.0,0.0,0.0,0.0,0.0,40.0,20.0,48780.49,24390.244,54.0,60.0,58.0,2.828427,8.0,0.0,2.0,1.0,0.0,1.0,0.0,0.0,0.0,0.5,58.0,60.0,54.0,0.0,0.0,0.0,0.0,0.0,0.0,2.0,120.0,1.0,54.0,1024.0,0.0,2.0,20.0,0.0,0.0,0.0,0.0,0.0,0.0,0.0,0.0
220.0,33.0,2.0,1.0,120.0,54.0,60.0,60.0,60.0,0.0,54.0,54.0,54.0,0.0,5.2727275e+06,90909.09,16.5,16.5,33.0,0.0,0.0,0.0,0.0,0.0,0.0,0.0,0.0,0.0,0.0,0.0,0.0,0.0,0.0,0.0,40.0,20.0,60606.062,30303.031,54.0,60.0,58.0,2.828427,8.0,0.0,2.0,1.0,0.0,1.0,0.0,0.0,0.0,0.5,58.0,60.0,54.0,0.0,0.0,0.0,0.0,0.0,0.0,2.0,120.0,1.0,54.0,1024.0,0.0,2.0,20.0,0.0,0.0,0.0,0.0,0.0,0.0,0.0,0.0
112.0,31.0,2.0,1.0,120.0,54.0,60.0,60.0,60.0,0.0,54.0,54.0,54.0,0.0,5.612903e+06,96774.195,15.5,15.5,31.0,0.0,0.0,0.0,0.0,0.0,0.0,0.0,0.0,0.0,0.0,0.0,0.0,0.0,0.0,0.0,40.0,20.0,64516.13,32258.064,54.0,60.0,58.0,2.828427,8.0,0.0,2.0,1.0,0.0,1.0,0.0,0.0,0.0,0.5,58.0,60.0,54.0,0.0,0.0,0.0,0.0,0.0,0.0,2.0,120.0,1.0,54.0,1024.0,0.0,2.0,20.0,0.0,0.0,0.0,0.0,0.0,0.0,0.0,0.0
122.0,32.0,2.0,1.0,120.0,54.0,60.0,60.0,60.0,0.0,54.0,54.0,54.0,0.0,5.4375e+06,93750.0,16.0,16.0,32.0,0.0,0.0,0.0,0.0,0.0,0.0,0.0,0.0,0.0,0.0,0.0,0.0,0.0,0.0,0.0,40.0,20.0,62500.0,31250.0,54.0,60.0,58.0,2.828427,8.0,0.0,2.0,1.0,0.0,1.0,0.0,0.0,0.0,0.5,58.0,60.0,54.0,0.0,0.0,0.0,0.0,0.0,0.0,2.0,120.0,1.0,54.0,1024.0,0.0,2.0,20.0,0.0,0.0,0.0,0.0,0.0,0.0,0.0,0.0
105.0,35.0,2.0,1.0,120.0,54.0,60.0,60.0,60.0,0.0,54.0,54.0,54.0,0.0,4.9714285e+06,85714.29,17.5,17.5,35.0,0.0,0.0,0.0,0.0,0.0,0.0,0.0,0.0,0.0,0.0,0.0,0.0,0.0,0.0,0.0,40.0,20.0,57142.855,28571.428,54.0,60.0,58.0,2.828427,8.0,0.0,2.0,1.0,0.0,1.0,0.0,0.0,0.0,0.5,58.0,60.0,54.0,0.0,0.0,0.0,0.0,0.0,0.0,2.0,120.0,1.0,54.0,1024.0,0.0,2.0,20.0,0.0,0.0,0.0,0.0,0.0,0.0,0.0,0.0
144.0,35.0,2.0,1.0,120.0,54.0,60.0,60.0,60.0,0.0,54.0,54.0,54.0,0.0,4.9714285e+06,85714.29,17.5,17.5,35.0,0.0,0.0,0.0,0.0,0.0,0.0,0.0,0.0,0.0,0.0,0.0,0.0,0.0,0.0,0.0,40.0,20.0,57142.855,28571.428,54.0,60.0,58.0,2.828427,8.0,0.0,2.0,1.0,0.0,1.0,0.0,0.0,0.0,0.5,58.0,60.0,54.0,0.0,0.0,0.0,0.0,0.0,0.0,2.0,120.0,1.0,54.0,1024.0,0.0,2.0,20.0,0.0,0.0,0.0,0.0,0.0,0.0,0.0,0.0
308.0,38.0,2.0,1.0,120.0,54.0,60.0,60.0,60.0,0.0,54.0,54.0,54.0,0.0,4.5789475e+06,78947.37,19.0,19.0,38.0,0.0,0.0,0.0,0.0,0.0,0.0,0.0,0.0,0.0,0.0,0.0,0.0,0.0,0.0,0.0,40.0,20.0,52631.58,26315.79,54.0,60.0,58.0,2.828427,8.0,0.0,2.0,1.0,0.0,1.0,0.0,0.0,0.0,0.5,58.0,60.0,54.0,0.0,0.0,0.0,0.0,0.0,0.0,2.0,120.0,1.0,54.0,1024.0,0.0,2.0,20.0,0.0,0.0,0.0,0.0,0.0,0.0,0.0,0.0
500.0,30.0,2.0,1.0,120.0,54.0,60.0,60.0,60.0,0.0,54.0,54.0,54.0,0.0,5.8e+06,100000.0,15.0,15.0,30.0,0.0,0.0,0.0,0.0,0.0,0.0,0.0,0.0,0.0,0.0,0.0,0.0,0.0,0.0,0.0,40.0,20.0,66666.664,33333.332,54.0,60.0,58.0,2.828427,8.0,0.0,2.0,1.0,0.0,1.0,0.0,0.0,0.0,0.5,58.0,60.0,54.0,0.0,0.0,0.0,0.0,0.0,0.0,2.0,120.0,1.0,54.0,1024.0,0.0,2.0,20.0,0.0,0.0,0.0,0.0,0.0,0.0,0.0,0.0
261.0,29.0,2.0,1.0,120.0,54.0,60.0,60.0,60.0,0.0,54.0,54.0,54.0,0.0,6e+06,103448.27,14.5,14.5,29.0,0.0,0.0,0.0,0.0,0.0,0.0,0.0,0.0,0.0,0.0,0.0,0.0,0.0,0.0,0.0,40.0,20.0,68965.516,34482.758,54.0,60.0,58.0,2.828427,8.0,0.0,2.0,1.0,0.0,1.0,0.0,0.0,0.0,0.5,58.0,60.0,54.0,0.0,0.0,0.0,0.0,0.0,0.0,2.0,120.0,1.0,54.0,1024.0,0.0,2.0,20.0,0.0,0.0,0.0,0.0,0.0,0.0,0.0,0.0
442.0,29.0,2.0,1.0,120.0,54.0,60.0,60.0,60.0,0.0,54.0,54.0,54.0,0.0,6e+06,103448.27,14.5,14.5,29.0,0.0,0.0,0.0,0.0,0.0,0.0,0.0,0.0,0.0,0.0,0.0,0.0,0.0,0.0,0.0,40.0,20.0,68965.516,34482.758,54.0,60.0,58.0,2.828427,8.0,0.0,2.0,1.0,0.0,1.0,0.0,0.0,0.0,0.5,58.0,60.0,54.0,0.0,0.0,0.0,0.0,0.0,0.0,2.0,120.0,1.0,54.0,1024.0,0.0,2.0,20.0,0.0,0.0,0.0,0.0,0.0,0.0,0.0,0.0
54.0,36.0,2.0,1.0,120.0,54.0,60.0,60.0,60.0,0.0,54.0,54.0,54.0,0.0,4.8333335e+06,83333.336,18.0,18.0,36.0,0.0,0.0,0.0,0.0,0.0,0.0,0.0,0.0,0.0,0.0,0.0,0.0,0.0,0.0,0.0,40.0,20.0,55555.555,27777.777,54.0,60.0,58.0,2.828427,8.0,0.0,2.0,1.0,0.0,1.0,0.0,0.0,0.0,0.5,58.0,60.0,54.0,0.0,0.0,0.0,0.0,0.0,0.0,2.0,120.0,1.0,54.0,1024.0,0.0,2.0,20.0,0.0,0.0,0.0,0.0,0.0,0.0,0.0,0.0
450.0,31.0,2.0,1.0,120.0,54.0,60.0,60.0,60.0,0.0,54.0,54.0,54.0,0.0,5.612903e+06,96774.195,15.5,15.5,31.0,0.0,0.0,0.0,0.0,0.0,0.0,0.0,0.0,0.0,0.0,0.0,0.0,0.0,0.0,0.0,40.0,20.0,64516.13,32258.064,54.0,60.0,58.0,2.828427,8.0,0.0,2.0,1.0,0.0,1.0,0.0,0.0,0.0,0.5,58.0,60.0,54.0,0.0,0.0,0.0,0.0,0.0,0.0,2.0,120.0,1.0,54.0,1024.0,0.0,2.0,20.0,0.0,0.0,0.0,0.0,0.0,0.0,0.0,0.0
269.0,29.0,2.0,1.0,120.0,54.0,60.0,60.0,60.0,0.0,54.0,54.0,54.0,0.0,6e+06,103448.27,14.5,14.5,29.0,0.0,0.0,0.0,0.0,0.0,0.0,0.0,0.0,0.0,0.0,0.0,0.0,0.0,0.0,0.0,40.0,20.0,68965.516,34482.758,54.0,60.0,58.0,2.828427,8.0,0.0,2.0,1.0,0.0,1.0,0.0,0.0,0.0,0.5,58.0,60.0,54.0,0.0,0.0,0.0,0.0,0.0,0.0,2.0,120.0,1.0,54.0,1024.0,0.0,2.0,20.0,0.0,0.0,0.0,0.0,0.0,0.0,0.0,0.0
311.0,30.0,2.0,1.0,120.0,54.0,60.0,60.0,60.0,0.0,54.0,54.0,54.0,0.0,5.8e+06,100000.0,15.0,15.0,30.0,0.0,0.0,0.0,0.0,0.0,0.0,0.0,0.0,0.0,0.0,0.0,0.0,0.0,0.0,0.0,40.0,20.0,66666.664,33333.332,54.0,60.0,58.0,2.828427,8.0,0.0,2.0,1.0,0.0,1.0,0.0,0.0,0.0,0.5,58.0,60.0,54.0,0.0,0.0,0.0,0.0,0.0,0.0,2.0,120.0,1.0,54.0,1024.0,0.0,2.0,20.0,0.0,0.0,0.0,0.0,0.0,0.0,0.0,0.0
119.0,31.0,2.0,1.0,120.0,54.0,60.0,60.0,60.0,0.0,54.0,54.0,54.0,0.0,5.612903e+06,96774.195,15.5,15.5,31.0,0.0,0.0,0.0,0.0,0.0,0.0,0.0,0.0,0.0,0.0,0.0,0.0,0.0,0.0,0.0,40.0,20.0,64516.13,32258.064,54.0,60.0,58.0,2.828427,8.0,0.0,2.0,1.0,0.0,1.0,0.0,0.0,0.0,0.5,58.0,60.0,54.0,0.0,0.0,0.0,0.0,0.0,0.0,2.0,120.0,1.0,54.0,1024.0,0.0,2.0,20.0,0.0,0.0,0.0,0.0,0.0,0.0,0.0,0.0
394.0,279.0,2.0,1.0,120.0,54.0,60.0,60.0,60.0,0.0,54.0,54.0,54.0,0.0,623655.94,10752.688,139.5,139.5,279.0,0.0,0.0,0.0,0.0,0.0,0.0,0.0,0.0,0.0,0.0,0.0,0.0,0.0,0.0,0.0,40.0,20.0,7168.459,3584.2295,54.0,60.0,58.0,2.828427,8.0,0.0,2.0,1.0,0.0,1.0,0.0,0.0,0.0,0.5,58.0,60.0,54.0,0.0,0.0,0.0,0.0,0.0,0.0,2.0,120.0,1.0,54.0,1024.0,0.0,2.0,20.0,0.0,0.0,0.0,0.0,0.0,0.0,0.0,0.0
453.0,33.0,2.0,1.0,120.0,54.0,60.0,60.0,60.0,0.0,54.0,54.0,54.0,0.0,5.2727275e+06,90909.09,16.5,16.5,33.0,0.0,0.0,0.0,0.0,0.0,0.0,0.0,0.0,0.0,0.0,0.0,0.0,0.0,0.0,0.0,40.0,20.0,60606.062,30303.031,54.0,60.0,58.0,2.828427,8.0,0.0,2.0,1.0,0.0,1.0,0.0,0.0,0.0,0.5,58.0,60.0,54.0,0.0,0.0,0.0,0.0,0.0,0.0,2.0,120.0,1.0,54.0,1024.0,0.0,2.0,20.0,0.0,0.0,0.0,0.0,0.0,0.0,0.0,0.0
459.0,34.0,2.0,1.0,120.0,54.0,60.0,60.0,60.0,0.0,54.0,54.0,54.0,0.0,5.117647e+06,88235.3,17.0,17.0,34.0,0.0,0.0,0.0,0.0,0.0,0.0,0.0,0.0,0.0,0.0,0.0,0.0,0.0,0.0,0.0,40.0,20.0,58823.53,29411.766,54.0,60.0,58.0,2.828427,8.0,0.0,2.0,1.0,0.0,1.0,0.0,0.0,0.0,0.5,58.0,60.0,54.0,0.0,0.0,0.0,0.0,0.0,0.0,2.0,120.0,1.0,54.0,1024.0,0.0,2.0,20.0,0.0,0.0,0.0,0.0,0.0,0.0,0.0,0.0
214.0,46.0,2.0,1.0,120.0,54.0,60.0,60.0,60.0,0.0,54.0,54.0,54.0,0.0,3.7826088e+06,65217.39,23.0,23.0,46.0,0.0,0.0,0.0,0.0,0.0,0.0,0.0,0.0,0.0,0.0,0.0,0.0,0.0,0.0,0.0,40.0,20.0,43478.26,21739.13,54.0,60.0,58.0,2.828427,8.0,0.0,2.0,1.0,0.0,1.0,0.0,0.0,0.0,0.5,58.0,60.0,54.0,0.0,0.0,0.0,0.0,0.0,0.0,2.0,120.0,1.0,54.0,1024.0,0.0,2.0,20.0,0.0,0.0,0.0,0.0,0.0,0.0,0.0,0.0
10.0,30.0,2.0,1.0,120.0,54.0,60.0,60.0,60.0,0.0,54.0,54.0,54.0,0.0,5.8e+06,100000.0,15.0,15.0,30.0,0.0,0.0,0.0,0.0,0.0,0.0,0.0,0.0,0.0,0.0,0.0,0.0,0.0,0.0,0.0,40.0,20.0,66666.664,33333.332,54.0,60.0,58.0,2.828427,8.0,0.0,2.0,1.0,0.0,1.0,0.0,0.0,0.0,0.5,58.0,60.0,54.0,0.0,0.0,0.0,0.0,0.0,0.0,2.0,120.0,1.0,54.0,1024.0,0.0,2.0,20.0,0.0,0.0,0.0,0.0,0.0,0.0,0.0,0.0
448.0,31.0,2.0,1.0,120.0,54.0,60.0,60.0,60.0,0.0,54.0,54.0,54.0,0.0,5.612903e+06,96774.195,15.5,15.5,31.0,0.0,0.0,0.0,0.0,0.0,0.0,0.0,0.0,0.0,0.0,0.0,0.0,0.0,0.0,0.0,40.0,20.0,64516.13,32258.064,54.0,60.0,58.0,2.828427,8.0,0.0,2.0,1.0,0.0,1.0,0.0,0.0,0.0,0.5,58.0,60.0,54.0,0.0,0.0,0.0,0.0,0.0,0.0,2.0,120.0,1.0,54.0,1024.0,0.0,2.0,20.0,0.0,0.0,0.0,0.0,0.0,0.0,0.0,0.0
365.0,32.0,2.0,1.0,120.0,54.0,60.0,60.0,60.0,0.0,54.0,54.0,54.0,0.0,5.4375e+06,93750.0,16.0,16.0,32.0,0.0,0.0,0.0,0.0,0.0,0.0,0.0,0.0,0.0,0.0,0.0,0.0,0.0,0.0,0.0,40.0,20.0,62500.0,31250.0,54.0,60.0,58.0,2.828427,8.0,0.0,2.0,1.0,0.0,1.0,0.0,0.0,0.0,0.5,58.0,60.0,54.0,0.0,0.0,0.0,0.0,0.0,0.0,2.0,120.0,1.0,54.0,1024.0,0.0,2.0,20.0,0.0,0.0,0.0,0.0,0.0,0.0,0.0,0.0
152.0,30.0,2.0,1.0,120.0,54.0,60.0,60.0,60.0,0.0,54.0,54.0,54.0,0.0,5.8e+06,100000.0,15.0,15.0,30.0,0.0,0.0,0.0,0.0,0.0,0.0,0.0,0.0,0.0,0.0,0.0,0.0,0.0,0.0,0.0,40.0,20.0,66666.664,33333.332,54.0,60.0,58.0,2.828427,8.0,0.0,2.0,1.0,0.0,1.0,0.0,0.0,0.0,0.5,58.0,60.0,54.0,0.0,0.0,0.0,0.0,0.0,0.0,2.0,120.0,1.0,54.0,1024.0,0.0,2.0,20.0,0.0,0.0,0.0,0.0,0.0,0.0,0.0,0.0
320.0,38.0,2.0,1.0,120.0,54.0,60.0,60.0,60.0,0.0,54.0,54.0,54.0,0.0,4.5789475e+06,78947.37,19.0,19.0,38.0,0.0,0.0,0.0,0.0,0.0,0.0,0.0,0.0,0.0,0.0,0.0,0.0,0.0,0.0,0.0,40.0,20.0,52631.58,26315.79,54.0,60.0,58.0,2.828427,8.0,0.0,2.0,1.0,0.0,1.0,0.0,0.0,0.0,0.5,58.0,60.0,54.0,0.0,0.0,0.0,0.0,0.0,0.0,2.0,120.0,1.0,54.0,1024.0,0.0,2.0,20.0,0.0,0.0,0.0,0.0,0.0,0.0,0.0,0.0
91.0,30.0,2.0,1.0,120.0,54.0,60.0,60.0,60.0,0.0,54.0,54.0,54.0,0.0,5.8e+06,100000.0,15.0,15.0,30.0,0.0,0.0,0.0,0.0,0.0,0.0,0.0,0.0,0.0,0.0,0.0,0.0,0.0,0.0,0.0,40.0,20.0,66666.664,33333.332,54.0,60.0,58.0,2.828427,8.0,0.0,2.0,1.0,0.0,1.0,0.0,0.0,0.0,0.5,58.0,60.0,54.0,0.0,0.0,0.0,0.0,0.0,0.0,2.0,120.0,1.0,54.0,1024.0,0.0,2.0,20.0,0.0,0.0,0.0,0.0,0.0,0.0,0.0,0.0
386.0,33.0,2.0,1.0,120.0,54.0,60.0,60.0,60.0,0.0,54.0,54.0,54.0,0.0,5.2727275e+06,90909.09,16.5,16.5,33.0,0.0,0.0,0.0,0.0,0.0,0.0,0.0,0.0,0.0,0.0,0.0,0.0,0.0,0.0,0.0,40.0,20.0,60606.062,30303.031,54.0,60.0,58.0,2.828427,8.0,0.0,2.0,1.0,0.0,1.0,0.0,0.0,0.0,0.5,58.0,60.0,54.0,0.0,0.0,0.0,0.0,0.0,0.0,2.0,120.0,1.0,54.0,1024.0,0.0,2.0,20.0,0.0,0.0,0.0,0.0,0.0,0.0,0.0,0.0
336.0,31.0,2.0,1.0,120.0,54.0,60.0,60.0,60.0,0.0,54.0,54.0,54.0,0.0,5.612903e+06,96774.195,15.5,15.5,31.0,0.0,0.0,0.0,0.0,0.0,0.0,0.0,0.0,0.0,0.0,0.0,0.0,0.0,0.0,0.0,40.0,20.0,64516.13,32258.064,54.0,60.0,58.0,2.828427,8.0,0.0,2.0,1.0,0.0,1.0,0.0,0.0,0.0,0.5,58.0,60.0,54.0,0.0,0.0,0.0,0.0,0.0,0.0,2.0,120.0,1.0,54.0,1024.0,0.0,2.0,20.0,0.0,0.0,0.0,0.0,0.0,0.0,0.0,0.0
121.0,36.0,2.0,1.0,120.0,54.0,60.0,60.0,60.0,0.0,54.0,54.0,54.0,0.0,4.8333335e+06,83333.336,18.0,18.0,36.0,0.0,0.0,0.0,0.0,0.0,0.0,0.0,0.0,0.0,0.0,0.0,0.0,0.0,0.0,0.0,40.0,20.0,55555.555,27777.777,54.0,60.0,58.0,2.828427,8.0,0.0,2.0,1.0,0.0,1.0,0.0,0.0,0.0,0.5,58.0,60.0,54.0,0.0,0.0,0.0,0.0,0.0,0.0,2.0,120.0,1.0,54.0,1024.0,0.0,2.0,20.0,0.0,0.0,0.0,0.0,0.0,0.0,0.0,0.0
490.0,29.0,2.0,1.0,120.0,54.0,60.0,60.0,60.0,0.0,54.0,54.0,54.0,0.0,6e+06,103448.27,14.5,14.5,29.0,0.0,0.0,0.0,0.0,0.0,0.0,0.0,0.0,0.0,0.0,0.0,0.0,0.0,0.0,0.0,40.0,20.0,68965.516,34482.758,54.0,60.0,58.0,2.828427,8.0,0.0,2.0,1.0,0.0,1.0,0.0,0.0,0.0,0.5,58.0,60.0,54.0,0.0,0.0,0.0,0.0,0.0,0.0,2.0,120.0,1.0,54.0,1024.0,0.0,2.0,20.0,0.0,0.0,0.0,0.0,0.0,0.0,0.0,0.0
430.0,30.0,2.0,1.0,120.0,54.0,60.0,60.0,60.0,0.0,54.0,54.0,54.0,0.0,5.8e+06,100000.0,15.0,15.0,30.0,0.0,0.0,0.0,0.0,0.0,0.0,0.0,0.0,0.0,0.0,0.0,0.0,0.0,0.0,0.0,40.0,20.0,66666.664,33333.332,54.0,60.0,58.0,2.828427,8.0,0.0,2.0,1.0,0.0,1.0,0.0,0.0,0.0,0.5,58.0,60.0,54.0,0.0,0.0,0.0,0.0,0.0,0.0,2.0,120.0,1.0,54.0,1024.0,0.0,2.0,20.0,0.0,0.0,0.0,0.0,0.0,0.0,0.0,0.0
407.0,47.0,2.0,1.0,120.0,54.0,60.0,60.0,60.0,0.0,54.0,54.0,54.0,0.0,3.7021278e+06,63829.79,23.5,23.5,47.0,0.0,0.0,0.0,0.0,0.0,0.0,0.0,0.0,0.0,0.0,0.0,0.0,0.0,0.0,0.0,40.0,20.0,42553.19,21276.596,54.0,60.0,58.0,2.828427,8.0,0.0,2.0,1.0,0.0,1.0,0.0,0.0,0.0,0.5,58.0,60.0,54.0,0.0,0.0,0.0,0.0,0.0,0.0,2.0,120.0,1.0,54.0,1024.0,0.0,2.0,20.0,0.0,0.0,0.0,0.0,0.0,0.0,0.0,0.0
12.0,108.0,2.0,1.0,120.0,54.0,60.0,60.0,60.0,0.0,54.0,54.0,54.0,0.0,1.6111111e+06,27777.777,54.0,54.0,108.0,0.0,0.0,0.0,0.0,0.0,0.0,0.0,0.0,0.0,0.0,0.0,0.0,0.0,0.0,0.0,40.0,20.0,18518.518,9259.259,54.0,60.0,58.0,2.828427,8.0,0.0,2.0,1.0,0.0,1.0,0.0,0.0,0.0,0.5,58.0,60.0,54.0,0.0,0.0,0.0,0.0,0.0,0.0,2.0,120.0,1.0,54.0,1024.0,0.0,2.0,20.0,0.0,0.0,0.0,0.0,0.0,0.0,0.0,0.0
405.0,37.0,2.0,1.0,120.0,54.0,60.0,60.0,60.0,0.0,54.0,54.0,54.0,0.0,4.7027025e+06,81081.08,18.5,18.5,37.0,0.0,0.0,0.0,0.0,0.0,0.0,0.0,0.0,0.0,0.0,0.0,0.0,0.0,0.0,0.0,40.0,20.0,54054.055,27027.027,54.0,60.0,58.0,2.828427,8.0,0.0,2.0,1.0,0.0,1.0,0.0,0.0,0.0,0.5,58.0,60.0,54.0,0.0,0.0,0.0,0.0,0.0,0.0,2.0,120.0,1.0,54.0,1024.0,0.0,2.0,20.0,0.0,0.0,0.0,0.0,0.0,0.0,0.0,0.0
306.0,29.0,2.0,1.0,120.0,54.0,60.0,60.0,60.0,0.0,54.0,54.0,54.0,0.0,6e+06,103448.27,14.5,14.5,29.0,0.0,0.0,0.0,0.0,0.0,0.0,0.0,0.0,0.0,0.0,0.0,0.0,0.0,0.0,0.0,40.0,20.0,68965.516,34482.758,54.0,60.0,58.0,2.828427,8.0,0.0,2.0,1.0,0.0,1.0,0.0,0.0,0.0,0.5,58.0,60.0,54.0,0.0,0.0,0.0,0.0,0.0,0.0,2.0,120.0,1.0,54.0,1024.0,0.0,2.0,20.0,0.0,0.0,0.0,0.0,0.0,0.0,0.0,0.0
356.0,30.0,2.0,1.0,120.0,54.0,60.0,60.0,60.0,0.0,54.0,54.0,54.0,0.0,5.8e+06,100000.0,15.0,15.0,30.0,0.0,0.0,0.0,0.0,0.0,0.0,0.0,0.0,0.0,0.0,0.0,0.0,0.0,0.0,0.0,40.0,20.0,66666.664,33333.332,54.0,60.0,58.0,2.828427,8.0,0.0,2.0,1.0,0.0,1.0,0.0,0.0,0.0,0.5,58.0,60.0,54.0,0.0,0.0,0.0,0.0,0.0,0.0,2.0,120.0,1.0,54.0,1024.0,0.0,2.0,20.0,0.0,0.0,0.0,0.0,0.0,0.0,0.0,0.0
141.0,45.0,2.0,1.0,120.0,54.0,60.0,60.0,60.0,0.0,54.0,54.0,54.0,0.0,3.8666668e+06,66666.664,22.5,22.5,45.0,0.0,0.0,0.0,0.0,0.0,0.0,0.0,0.0,0.0,0.0,0.0,0.0,0.0,0.0,0.0,40.0,20.0,44444.445,22222.223,54.0,60.0,58.0,2.828427,8.0,0.0,2.0,1.0,0.0,1.0,0.0,0.0,0.0,0.5,58.0,60.0,54.0,0.0,0.0,0.0,0.0,0.0,0.0,2.0,120.0,1.0,54.0,1024.0,0.0,2.0,20.0,0.0,0.0,0.0,0.0,0.0,0.0,0.0,0.0
449.0,43.0,2.0,1.0,120.0,54.0,60.0,60.0,60.0,0.0,54.0,54.0,54.0,0.0,4.0465118e+06,69767.445,21.5,21.5,43.0,0.0,0.0,0.0,0.0,0.0,0.0,0.0,0.0,0.0,0.0,0.0,0.0,0.0,0.0,0.0,40.0,20.0,46511.63,23255.814,54.0,60.0,58.0,2.828427,8.0,0.0,2.0,1.0,0.0,1.0,0.0,0.0,0.0,0.5,58.0,60.0,54.0,0.0,0.0,0.0,0.0,0.0,0.0,2.0,120.0,1.0,54.0,1024.0,0.0,2.0,20.0,0.0,0.0,0.0,0.0,0.0,0.0,0.0,0.0
175.0,31.0,2.0,1.0,120.0,54.0,60.0,60.0,60.0,0.0,54.0,54.0,54.0,0.0,5.612903e+06,96774.195,15.5,15.5,31.0,0.0,0.0,0.0,0.0,0.0,0.0,0.0,0.0,0.0,0.0,0.0,0.0,0.0,0.0,0.0,40.0,20.0,64516.13,32258.064,54.0,60.0,58.0,2.828427,8.0,0.0,2.0,1.0,0.0,1.0,0.0,0.0,0.0,0.5,58.0,60.0,54.0,0.0,0.0,0.0,0.0,0.0,0.0,2.0,120.0,1.0,54.0,1024.0,0.0,2.0,20.0,0.0,0.0,0.0,0.0,0.0,0.0,0.0,0.0
154.0,61.0,2.0,1.0,120.0,54.0,60.0,60.0,60.0,0.0,54.0,54.0,54.0,0.0,2.852459e+06,49180.33,30.5,30.5,61.0,0.0,0.0,0.0,0.0,0.0,0.0,0.0,0.0,0.0,0.0,0.0,0.0,0.0,0.0,0.0,40.0,20.0,32786.887,16393.443,54.0,60.0,58.0,2.828427,8.0,0.0,2.0,1.0,0.0,1.0,0.0,0.0,0.0,0.5,58.0,60.0,54.0,0.0,0.0,0.0,0.0,0.0,0.0,2.0,120.0,1.0,54.0,1024.0,0.0,2.0,20.0,0.0,0.0,0.0,0.0,0.0,0.0,0.0,0.0
339.0,30.0,2.0,1.0,120.0,54.0,60.0,60.0,60.0,0.0,54.0,54.0,54.0,0.0,5.8e+06,100000.0,15.0,15.0,30.0,0.0,0.0,0.0,0.0,0.0,0.0,0.0,0.0,0.0,0.0,0.0,0.0,0.0,0.0,0.0,40.0,20.0,66666.664,33333.332,54.0,60.0,58.0,2.828427,8.0,0.0,2.0,1.0,0.0,1.0,0.0,0.0,0.0,0.5,58.0,60.0,54.0,0.0,0.0,0.0,0.0,0.0,0.0,2.0,120.0,1.0,54.0,1024.0,0.0,2.0,20.0,0.0,0.0,0.0,0.0,0.0,0.0,0.0,0.0
327.0,29.0,2.0,1.0,120.0,54.0,60.0,60.0,60.0,0.0,54.0,54.0,54.0,0.0,6e+06,103448.27,14.5,14.5,29.0,0.0,0.0,0.0,0.0,0.0,0.0,0.0,0.0,0.0,0.0,0.0,0.0,0.0,0.0,0.0,40.0,20.0,68965.516,34482.758,54.0,60.0,58.0,2.828427,8.0,0.0,2.0,1.0,0.0,1.0,0.0,0.0,0.0,0.5,58.0,60.0,54.0,0.0,0.0,0.0,0.0,0.0,0.0,2.0,120.0,1.0,54.0,1024.0,0.0,2.0,20.0,0.0,0.0,0.0,0.0,0.0,0.0,0.0,0.0
477.0,44.0,2.0,1.0,120.0,54.0,60.0,60.0,60.0,0.0,54.0,54.0,54.0,0.0,3.9545455e+06,68181.82,22.0,22.0,44.0,0.0,0.0,0.0,0.0,0.0,0.0,0.0,0.0,0.0,0.0,0.0,0.0,0.0,0.0,0.0,40.0,20.0,45454.547,22727.273,54.0,60.0,58.0,2.828427,8.0,0.0,2.0,1.0,0.0,1.0,0.0,0.0,0.0,0.5,58.0,60.0,54.0,0.0,0.0,0.0,0.0,0.0,0.0,2.0,120.0,1.0,54.0,1024.0,0.0,2.0,20.0,0.0,0.0,0.0,0.0,0.0,0.0,0.0,0.0
83.0,30.0,2.0,1.0,120.0,54.0,60.0,60.0,60.0,0.0,54.0,54.0,54.0,0.0,5.8e+06,100000.0,15.0,15.0,30.0,0.0,0.0,0.0,0.0,0.0,0.0,0.0,0.0,0.0,0.0,0.0,0.0,0.0,0.0,0.0,40.0,20.0,66666.664,33333.332,54.0,60.0,58.0,2.828427,8.0,0.0,2.0,1.0,0.0,1.0,0.0,0.0,0.0,0.5,58.0,60.0,54.0,0.0,0.0,0.0,0.0,0.0,0.0,2.0,120.0,1.0,54.0,1024.0,0.0,2.0,20.0,0.0,0.0,0.0,0.0,0.0,0.0,0.0,0.0
265.0,45.0,2.0,1.0,120.0,54.0,60.0,60.0,60.0,0.0,54.0,54.0,54.0,0.0,3.8666668e+06,66666.664,22.5,22.5,45.0,0.0,0.0,0.0,0.0,0.0,0.0,0.0,0.0,0.0,0.0,0.0,0.0,0.0,0.0,0.0,40.0,20.0,44444.445,22222.223,54.0,60.0,58.0,2.828427,8.0,0.0,2.0,1.0,0.0,1.0,0.0,0.0,0.0,0.5,58.0,60.0,54.0,0.0,0.0,0.0,0.0,0.0,0.0,2.0,120.0,1.0,54.0,1024.0,0.0,2.0,20.0,0.0,0.0,0.0,0.0,0.0,0.0,0.0,0.0
366.0,29.0,2.0,1.0,120.0,54.0,60.0,60.0,60.0,0.0,54.0,54.0,54.0,0.0,6e+06,103448.27,14.5,14.5,29.0,0.0,0.0,0.0,0.0,0.0,0.0,0.0,0.0,0.0,0.0,0.0,0.0,0.0,0.0,0.0,40.0,20.0,68965.516,34482.758,54.0,60.0,58.0,2.828427,8.0,0.0,2.0,1.0,0.0,1.0,0.0,0.0,0.0,0.5,58.0,60.0,54.0,0.0,0.0,0.0,0.0,0.0,0.0,2.0,120.0,1.0,54.0,1024.0,0.0,2.0,20.0,0.0,0.0,0.0,0.0,0.0,0.0,0.0,0.0
372.0,39.0,2.0,1.0,120.0,54.0,60.0,60.0,60.0,0.0,54.0,54.0,54.0,0.0,4.4615385e+06,76923.08,19.5,19.5,39.0,0.0,0.0,0.0,0.0,0.0,0.0,0.0,0.0,0.0,0.0,0.0,0.0,0.0,0.0,0.0,40.0,20.0,51282.05,25641.025,54.0,60.0,58.0,2.828427,8.0,0.0,2.0,1.0,0.0,1.0,0.0,0.0,0.0,0.5,58.0,60.0,54.0,0.0,0.0,0.0,0.0,0.0,0.0,2.0,120.0,1.0,54.0,1024.0,0.0,2.0,20.0,0.0,0.0,0.0,0.0,0.0,0.0,0.0,0.0
460.0,48.0,2.0,1.0,120.0,54.0,60.0,60.0,60.0,0.0,54.0,54.0,54.0,0.0,3.625e+06,62500.0,24.0,24.0,48.0,0.0,0.0,0.0,0.0,0.0,0.0,0.0,0.0,0.0,0.0,0.0,0.0,0.0,0.0,0.0,40.0,20.0,41666.668,20833.334,54.0,60.0,58.0,2.828427,8.0,0.0,2.0,1.0,0.0,1.0,0.0,0.0,0.0,0.5,58.0,60.0,54.0,0.0,0.0,0.0,0.0,0.0,0.0,2.0,120.0,1.0,54.0,1024.0,0.0,2.0,20.0,0.0,0.0,0.0,0.0,0.0,0.0,0.0,0.0
369.0,36.0,2.0,1.0,120.0,54.0,60.0,60.0,60.0,0.0,54.0,54.0,54.0,0.0,4.8333335e+06,83333.336,18.0,18.0,36.0,0.0,0.0,0.0,0.0,0.0,0.0,0.0,0.0,0.0,0.0,0.0,0.0,0.0,0.0,0.0,40.0,20.0,55555.555,27777.777,54.0,60.0,58.0,2.828427,8.0,0.0,2.0,1.0,0.0,1.0,0.0,0.0,0.0,0.5,58.0,60.0,54.0,0.0,0.0,0.0,0.0,0.0,0.0,2.0,120.0,1.0,54.0,1024.0,0.0,2.0,20.0,0.0,0.0,0.0,0.0,0.0,0.0,0.0,0.0
313.0,30.0,2.0,1.0,120.0,54.0,60.0,60.0,60.0,0.0,54.0,54.0,54.0,0.0,5.8e+06,100000.0,15.0,15.0,30.0,0.0,0.0,0.0,0.0,0.0,0.0,0.0,0.0,0.0,0.0,0.0,0.0,0.0,0.0,0.0,40.0,20.0,66666.664,33333.332,54.0,60.0,58.0,2.828427,8.0,0.0,2.0,1.0,0.0,1.0,0.0,0.0,0.0,0.5,58.0,60.0,54.0,0.0,0.0,0.0,0.0,0.0,0.0,2.0,120.0,1.0,54.0,1024.0,0.0,2.0,20.0,0.0,0.0,0.0,0.0,0.0,0.0,0.0,0.0
81.0,30.0,2.0,1.0,120.0,54.0,60.0,60.0,60.0,0.0,54.0,54.0,54.0,0.0,5.8e+06,100000.0,15.0,15.0,30.0,0.0,0.0,0.0,0.0,0.0,0.0,0.0,0.0,0.0,0.0,0.0,0.0,0.0,0.0,0.0,40.0,20.0,66666.664,33333.332,54.0,60.0,58.0,2.828427,8.0,0.0,2.0,1.0,0.0,1.0,0.0,0.0,0.0,0.5,58.0,60.0,54.0,0.0,0.0,0.0,0.0,0.0,0.0,2.0,120.0,1.0,54.0,1024.0,0.0,2.0,20.0,0.0,0.0,0.0,0.0,0.0,0.0,0.0,0.0
55.0,38.0,2.0,1.0,120.0,54.0,60.0,60.0,60.0,0.0,54.0,54.0,54.0,0.0,4.5789475e+06,78947.37,19.0,19.0,38.0,0.0,0.0,0.0,0.0,0.0,0.0,0.0,0.0,0.0,0.0,0.0,0.0,0.0,0.0,0.0,40.0,20.0,52631.58,26315.79,54.0,60.0,58.0,2.828427,8.0,0.0,2.0,1.0,0.0,1.0,0.0,0.0,0.0,0.5,58.0,60.0,54.0,0.0,0.0,0.0,0.0,0.0,0.0,2.0,120.0,1.0,54.0,1024.0,0.0,2.0,20.0,0.0,0.0,0.0,0.0,0.0,0.0,0.0,0.0
36.0,36.0,2.0,1.0,120.0,54.0,60.0,60.0,60.0,0.0,54.0,54.0,54.0,0.0,4.8333335e+06,83333.336,18.0,18.0,36.0,0.0,0.0,0.0,0.0,0.0,0.0,0.0,0.0,0.0,0.0,0.0,0.0,0.0,0.0,0.0,40.0,20.0,55555.555,27777.777,54.0,60.0,58.0,2.828427,8.0,0.0,2.0,1.0,0.0,1.0,0.0,0.0,0.0,0.5,58.0,60.0,54.0,0.0,0.0,0.0,0.0,0.0,0.0,2.0,120.0,1.0,54.0,1024.0,0.0,2.0,20.0,0.0,0.0,0.0,0.0,0.0,0.0,0.0,0.0
153.0,38.0,2.0,1.0,120.0,54.0,60.0,60.0,60.0,0.0,54.0,54.0,54.0,0.0,4.5789475e+06,78947.37,19.0,19.0,38.0,0.0,0.0,0.0,0.0,0.0,0.0,0.0,0.0,0.0,0.0,0.0,0.0,0.0,0.0,0.0,40.0,20.0,52631.58,26315.79,54.0,60.0,58.0,2.828427,8.0,0.0,2.0,1.0,0.0,1.0,0.0,0.0,0.0,0.5,58.0,60.0,54.0,0.0,0.0,0.0,0.0,0.0,0.0,2.0,120.0,1.0,54.0,1024.0,0.0,2.0,20.0,0.0,0.0,0.0,0.0,0.0,0.0,0.0,0.0
341.0,42.0,2.0,1.0,120.0,54.0,60.0,60.0,60.0,0.0,54.0,54.0,54.0,0.0,4.1428572e+06,71428.57,21.0,21.0,42.0,0.0,0.0,0.0,0.0,0.0,0.0,0.0,0.0,0.0,0.0,0.0,0.0,0.0,0.0,0.0,40.0,20.0,47619.047,23809.523,54.0,60.0,58.0,2.828427,8.0,0.0,2.0,1.0,0.0,1.0,0.0,0.0,0.0,0.5,58.0,60.0,54.0,0.0,0.0,0.0,0.0,0.0,0.0,2.0,120.0,1.0,54.0,1024.0,0.0,2.0,20.0,0.0,0.0,0.0,0.0,0.0,0.0,0.0,0.0
61.0,29.0,2.0,1.0,120.0,54.0,60.0,60.0,60.0,0.0,54.0,54.0,54.0,0.0,6e+06,103448.27,14.5,14.5,29.0,0.0,0.0,0.0,0.0,0.0,0.0,0.0,0.0,0.0,0.0,0.0,0.0,0.0,0.0,0.0,40.0,20.0,68965.516,34482.758,54.0,60.0,58.0,2.828427,8.0,0.0,2.0,1.0,0.0,1.0,0.0,0.0,0.0,0.5,58.0,60.0,54.0,0.0,0.0,0.0,0.0,0.0,0.0,2.0,120.0,1.0,54.0,1024.0,0.0,2.0,20.0,0.0,0.0,0.0,0.0,0.0,0.0,0.0,0.0
291.0,30.0,2.0,1.0,120.0,54.0,60.0,60.0,60.0,0.0,54.0,54.0,54.0,0.0,5.8e+06,100000.0,15.0,15.0,30.0,0.0,0.0,0.0,0.0,0.0,0.0,0.0,0.0,0.0,0.0,0.0,0.0,0.0,0.0,0.0,40.0,20.0,66666.664,33333.332,54.0,60.0,58.0,2.828427,8.0,0.0,2.0,1.0,0.0,1.0,0.0,0.0,0.0,0.5,58.0,60.0,54.0,0.0,0.0,0.0,0.0,0.0,0.0,2.0,120.0,1.0,54.0,1024.0,0.0,2.0,20.0,0.0,0.0,0.0,0.0,0.0,0.0,0.0,0.0
421.0,31.0,2.0,1.0,120.0,54.0,60.0,60.0,60.0,0.0,54.0,54.0,54.0,0.0,5.612903e+06,96774.195,15.5,15.5,31.0,0.0,0.0,0.0,0.0,0.0,0.0,0.0,0.0,0.0,0.0,0.0,0.0,0.0,0.0,0.0,40.0,20.0,64516.13,32258.064,54.0,60.0,58.0,2.828427,8.0,0.0,2.0,1.0,0.0,1.0,0.0,0.0,0.0,0.5,58.0,60.0,54.0,0.0,0.0,0.0,0.0,0.0,0.0,2.0,120.0,1.0,54.0,1024.0,0.0,2.0,20.0,0.0,0.0,0.0,0.0,0.0,0.0,0.0,0.0
412.0,40.0,2.0,1.0,120.0,54.0,60.0,60.0,60.0,0.0,54.0,54.0,54.0,0.0,4.35e+06,75000.0,20.0,20.0,40.0,0.0,0.0,0.0,0.0,0.0,0.0,0.0,0.0,0.0,0.0,0.0,0.0,0.0,0.0,0.0,40.0,20.0,50000.0,25000.0,54.0,60.0,58.0,2.828427,8.0,0.0,2.0,1.0,0.0,1.0,0.0,0.0,0.0,0.5,58.0,60.0,54.0,0.0,0.0,0.0,0.0,0.0,0.0,2.0,120.0,1.0,54.0,1024.0,0.0,2.0,20.0,0.0,0.0,0.0,0.0,0.0,0.0,0.0,0.0
68.0,46.0,2.0,1.0,120.0,54.0,60.0,60.0,60.0,0.0,54.0,54.0,54.0,0.0,3.7826088e+06,65217.39,23.0,23.0,46.0,0.0,0.0,0.0,0.0,0.0,0.0,0.0,0.0,0.0,0.0,0.0,0.0,0.0,0.0,0.0,40.0,20.0,43478.26,21739.13,54.0,60.0,58.0,2.828427,8.0,0.0,2.0,1.0,0.0,1.0,0.0,0.0,0.0,0.5,58.0,60.0,54.0,0.0,0.0,0.0,0.0,0.0,0.0,2.0,120.0,1.0,54.0,1024.0,0.0,2.0,20.0,0.0,0.0,0.0,0.0,0.0,0.0,0.0,0.0
285.0,31.0,2.0,1.0,120.0,54.0,60.0,60.0,60.0,0.0,54.0,54.0,54.0,0.0,5.612903e+06,96774.195,15.5,15.5,31.0,0.0,0.0,0.0,0.0,0.0,0.0,0.0,0.0,0.0,0.0,0.0,0.0,0.0,0.0,0.0,40.0,20.0,64516.13,32258.064,54.0,60.0,58.0,2.828427,8.0,0.0,2.0,1.0,0.0,1.0,0.0,0.0,0.0,0.5,58.0,60.0,54.0,0.0,0.0,0.0,0.0,0.0,0.0,2.0,120.0,1.0,54.0,1024.0,0.0,2.0,20.0,0.0,0.0,0.0,0.0,0.0,0.0,0.0,0.0
103.0,29.0,2.0,1.0,120.0,54.0,60.0,60.0,60.0,0.0,54.0,54.0,54.0,0.0,6e+06,103448.27,14.5,14.5,29.0,0.0,0.0,0.0,0.0,0.0,0.0,0.0,0.0,0.0,0.0,0.0,0.0,0.0,0.0,0.0,40.0,20.0,68965.516,34482.758,54.0,60.0,58.0,2.828427,8.0,0.0,2.0,1.0,0.0,1.0,0.0,0.0,0.0,0.5,58.0,60.0,54.0,0.0,0.0,0.0,0.0,0.0,0.0,2.0,120.0,1.0,54.0,1024.0,0.0,2.0,20.0,0.0,0.0,0.0,0.0,0.0,0.0,0.0,0.0
224.0,47.0,2.0,1.0,120.0,54.0,60.0,60.0,60.0,0.0,54.0,54.0,54.0,0.0,3.7021278e+06,63829.79,23.5,23.5,47.0,0.0,0.0,0.0,0.0,0.0,0.0,0.0,0.0,0.0,0.0,0.0,0.0,0.0,0.0,0.0,40.0,20.0,42553.19,21276.596,54.0,60.0,58.0,2.828427,8.0,0.0,2.0,1.0,0.0,1.0,0.0,0.0,0.0,0.5,58.0,60.0,54.0,0.0,0.0,0.0,0.0,0.0,0.0,2.0,120.0,1.0,54.0,1024.0,0.0,2.0,20.0,0.0,0.0,0.0,0.0,0.0,0.0,0.0,0.0
62.0,47.0,2.0,1.0,120.0,54.0,60.0,60.0,60.0,0.0,54.0,54.0,54.0,0.0,3.7021278e+06,63829.79,23.5,23.5,47.0,0.0,0.0,0.0,0.0,0.0,0.0,0.0,0.0,0.0,0.0,0.0,0.0,0.0,0.0,0.0,40.0,20.0,42553.19,21276.596,54.0,60.0,58.0,2.828427,8.0,0.0,2.0,1.0,0.0,1.0,0.0,0.0,0.0,0.5,58.0,60.0,54.0,0.0,0.0,0.0,0.0,0.0,0.0,2.0,120.0,1.0,54.0,1024.0,0.0,2.0,20.0,0.0,0.0,0.0,0.0,0.0,0.0,0.0,0.0
249.0,37.0,2.0,1.0,120.0,54.0,60.0,60.0,60.0,0.0,54.0,54.0,54.0,0.0,4.7027025e+06,81081.08,18.5,18.5,37.0,0.0,0.0,0.0,0.0,0.0,0.0,0.0,0.0,0.0,0.0,0.0,0.0,0.0,0.0,0.0,40.0,20.0,54054.055,27027.027,54.0,60.0,58.0,2.828427,8.0,0.0,2.0,1.0,0.0,1.0,0.0,0.0,0.0,0.5,58.0,60.0,54.0,0.0,0.0,0.0,0.0,0.0,0.0,2.0,120.0,1.0,54.0,1024.0,0.0,2.0,20.0,0.0,0.0,0.0,0.0,0.0,0.0,0.0,0.0
86.0,31.0,2.0,1.0,120.0,54.0,60.0,60.0,60.0,0.0,54.0,54.0,54.0,0.0,5.612903e+06,96774.195,15.5,15.5,31.0,0.0,0.0,0.0,0.0,0.0,0.0,0.0,0.0,0.0,0.0,0.0,0.0,0.0,0.0,0.0,40.0,20.0,64516.13,32258.064,54.0,60.0,58.0,2.828427,8.0,0.0,2.0,1.0,0.0,1.0,0.0,0.0,0.0,0.5,58.0,60.0,54.0,0.0,0.0,0.0,0.0,0.0,0.0,2.0,120.0,1.0,54.0,1024.0,0.0,2.0,20.0,0.0,0.0,0.0,0.0,0.0,0.0,0.0,0.0
329.0,37.0,2.0,1.0,120.0,54.0,60.0,60.0,60.0,0.0,54.0,54.0,54.0,0.0,4.7027025e+06,81081.08,18.5,18.5,37.0,0.0,0.0,0.0,0.0,0.0,0.0,0.0,0.0,0.0,0.0,0.0,0.0,0.0,0.0,0.0,40.0,20.0,54054.055,27027.027,54.0,60.0,58.0,2.828427,8.0,0.0,2.0,1.0,0.0,1.0,0.0,0.0,0.0,0.5,58.0,60.0,54.0,0.0,0.0,0.0,0.0,0.0,0.0,2.0,120.0,1.0,54.0,1024.0,0.0,2.0,20.0,0.0,0.0,0.0,0.0,0.0,0.0,0.0,0.0
495.0,41.0,2.0,1.0,120.0,54.0,60.0,60.0,60.0,0.0,54.0,54.0,54.0,0.0,4.2439025e+06,73170.734,20.5,20.5,41.0,0.0,0.0,0.0,0.0,0.0,0.0,0.0,0.0,0.0,0.0,0.0,0.0,0.0,0.0,0.0,40.0,20.0,48780.49,24390.244,54.0,60.0,58.0,2.828427,8.0,0.0,2.0,1.0,0.0,1.0,0.0,0.0,0.0,0.5,58.0,60.0,54.0,0.0,0.0,0.0,0.0,0.0,0.0,2.0,120.0,1.0,54.0,1024.0,0.0,2.0,20.0,0.0,0.0,0.0,0.0,0.0,0.0,0.0,0.0
133.0,44.0,2.0,1.0,120.0,54.0,60.0,60.0,60.0,0.0,54.0,54.0,54.0,0.0,3.9545455e+06,68181.82,22.0,22.0,44.0,0.0,0.0,0.0,0.0,0.0,0.0,0.0,0.0,0.0,0.0,0.0,0.0,0.0,0.0,0.0,40.0,20.0,45454.547,22727.273,54.0,60.0,58.0,2.828427,8.0,0.0,2.0,1.0,0.0,1.0,0.0,0.0,0.0,0.5,58.0,60.0,54.0,0.0,0.0,0.0,0.0,0.0,0.0,2.0,120.0,1.0,54.0,1024.0,0.0,2.0,20.0,0.0,0.0,0.0,0.0,0.0,0.0,0.0,0.0
260.0,322.0,2.0,1.0,120.0,54.0,60.0,60.0,60.0,0.0,54.0,54.0,54.0,0.0,540372.7,9316.7705,161.0,161.0,322.0,0.0,0.0,0.0,0.0,0.0,0.0,0.0,0.0,0.0,0.0,0.0,0.0,0.0,0.0,0.0,40.0,20.0,6211.18,3105.59,54.0,60.0,58.0,2.828427,8.0,0.0,2.0,1.0,0.0,1.0,0.0,0.0,0.0,0.5,58.0,60.0,54.0,0.0,0.0,0.0,0.0,0.0,0.0,2.0,120.0,1.0,54.0,1024.0,0.0,2.0,20.0,0.0,0.0,0.0,0.0,0.0,0.0,0.0,0.0
219.0,30.0,2.0,1.0,120.0,54.0,60.0,60.0,60.0,0.0,54.0,54.0,54.0,0.0,5.8e+06,100000.0,15.0,15.0,30.0,0.0,0.0,0.0,0.0,0.0,0.0,0.0,0.0,0.0,0.0,0.0,0.0,0.0,0.0,0.0,40.0,20.0,66666.664,33333.332,54.0,60.0,58.0,2.828427,8.0,0.0,2.0,1.0,0.0,1.0,0.0,0.0,0.0,0.5,58.0,60.0,54.0,0.0,0.0,0.0,0.0,0.0,0.0,2.0,120.0,1.0,54.0,1024.0,0.0,2.0,20.0,0.0,0.0,0.0,0.0,0.0,0.0,0.0,0.0
296.0,36.0,2.0,1.0,120.0,54.0,60.0,60.0,60.0,0.0,54.0,54.0,54.0,0.0,4.8333335e+06,83333.336,18.0,18.0,36.0,0.0,0.0,0.0,0.0,0.0,0.0,0.0,0.0,0.0,0.0,0.0,0.0,0.0,0.0,0.0,40.0,20.0,55555.555,27777.777,54.0,60.0,58.0,2.828427,8.0,0.0,2.0,1.0,0.0,1.0,0.0,0.0,0.0,0.5,58.0,60.0,54.0,0.0,0.0,0.0,0.0,0.0,0.0,2.0,120.0,1.0,54.0,1024.0,0.0,2.0,20.0,0.0,0.0,0.0,0.0,0.0,0.0,0.0,0.0
18.0,36.0,2.0,1.0,120.0,54.0,60.0,60.0,60.0,0.0,54.0,54.0,54.0,0.0,4.8333335e+06,83333.336,18.0,18.0,36.0,0.0,0.0,0.0,0.0,0.0,0.0,0.0,0.0,0.0,0.0,0.0,0.0,0.0,0.0,0.0,40.0,20.0,55555.555,27777.777,54.0,60.0,58.0,2.828427,8.0,0.0,2.0,1.0,0.0,1.0,0.0,0.0,0.0,0.5,58.0,60.0,54.0,0.0,0.0,0.0,0.0,0.0,0.0,2.0,120.0,1.0,54.0,1024.0,0.0,2.0,20.0,0.0,0.0,0.0,0.0,0.0,0.0,0.0,0.0
178.0,31.0,2.0,1.0,120.0,54.0,60.0,60.0,60.0,0.0,54.0,54.0,54.0,0.0,5.612903e+06,96774.195,15.5,15.5,31.0,0.0,0.0,0.0,0.0,0.0,0.0,0.0,0.0,0.0,0.0,0.0,0.0,0.0,0.0,0.0,40.0,20.0,64516.13,32258.064,54.0,60.0,58.0,2.828427,8.0,0.0,2.0,1.0,0.0,1.0,0.0,0.0,0.0,0.5,58.0,60.0,54.0,0.0,0.0,0.0,0.0,0.0,0.0,2.0,120.0,1.0,54.0,1024.0,0.0,2.0,20.0,0.0,0.0,0.0,0.0,0.0,0.0,0.0,0.0
438.0,29.0,2.0,1.0,120.0,54.0,60.0,60.0,60.0,0.0,54.0,54.0,54.0,0.0,6e+06,103448.27,14.5,14.5,29.0,0.0,0.0,0.0,0.0,0.0,0.0,0.0,0.0,0.0,0.0,0.0,0.0,0.0,0.0,0.0,40.0,20.0,68965.516,34482.758,54.0,60.0,58.0,2.828427,8.0,0.0,2.0,1.0,0.0,1.0,0.0,0.0,0.0,0.5,58.0,60.0,54.0,0.0,0.0,0.0,0.0,0.0,0.0,2.0,120.0,1.0,54.0,1024.0,0.0,2.0,20.0,0.0,0.0,0.0,0.0,0.0,0.0,0.0,0.0
170.0,31.0,2.0,1.0,120.0,54.0,60.0,60.0,60.0,0.0,54.0,54.0,54.0,0.0,5.612903e+06,96774.195,15.5,15.5,31.0,0.0,0.0,0.0,0.0,0.0,0.0,0.0,0.0,0.0,0.0,0.0,0.0,0.0,0.0,0.0,40.0,20.0,64516.13,32258.064,54.0,60.0,58.0,2.828427,8.0,0.0,2.0,1.0,0.0,1.0,0.0,0.0,0.0,0.5,58.0,60.0,54.0,0.0,0.0,0.0,0.0,0.0,0.0,2.0,120.0,1.0,54.0,1024.0,0.0,2.0,20.0,0.0,0.0,0.0,0.0,0.0,0.0,0.0,0.0
236.0,31.0,2.0,1.0,120.0,54.0,60.0,60.0,60.0,0.0,54.0,54.0,54.0,0.0,5.612903e+06,96774.195,15.5,15.5,31.0,0.0,0.0,0.0,0.0,0.0,0.0,0.0,0.0,0.0,0.0,0.0,0.0,0.0,0.0,0.0,40.0,20.0,64516.13,32258.064,54.0,60.0,58.0,2.828427,8.0,0.0,2.0,1.0,0.0,1.0,0.0,0.0,0.0,0.5,58.0,60.0,54.0,0.0,0.0,0.0,0.0,0.0,0.0,2.0,120.0,1.0,54.0,1024.0,0.0,2.0,20.0,0.0,0.0,0.0,0.0,0.0,0.0,0.0,0.0
398.0,33.0,2.0,1.0,120.0,54.0,60.0,60.0,60.0,0.0,54.0,54.0,54.0,0.0,5.2727275e+06,90909.09,16.5,16.5,33.0,0.0,0.0,0.0,0.0,0.0,0.0,0.0,0.0,0.0,0.0,0.0,0.0,0.0,0.0,0.0,40.0,20.0,60606.062,30303.031,54.0,60.0,58.0,2.828427,8.0,0.0,2.0,1.0,0.0,1.0,0.0,0.0,0.0,0.5,58.0,60.0,54.0,0.0,0.0,0.0,0.0,0.0,0.0,2.0,120.0,1.0,54.0,1024.0,0.0,2.0,20.0,0.0,0.0,0.0,0.0,0.0,0.0,0.0,0.0
160.0,38.0,2.0,1.0,120.0,54.0,60.0,60.0,60.0,0.0,54.0,54.0,54.0,0.0,4.5789475e+06,78947.37,19.0,19.0,38.0,0.0,0.0,0.0,0.0,0.0,0.0,0.0,0.0,0.0,0.0,0.0,0.0,0.0,0.0,0.0,40.0,20.0,52631.58,26315.79,54.0,60.0,58.0,2.828427,8.0,0.0,2.0,1.0,0.0,1.0,0.0,0.0,0.0,0.5,58.0,60.0,54.0,0.0,0.0,0.0,0.0,0.0,0.0,2.0,120.0,1.0,54.0,1024.0,0.0,2.0,20.0,0.0,0.0,0.0,0.0,0.0,0.0,0.0,0.0
428.0,28.0,2.0,1.0,120.0,54.0,60.0,60.0,60.0,0.0,54.0,54.0,54.0,0.0,6.2142855e+06,107142.86,14.0,14.0,28.0,0.0,0.0,0.0,0.0,0.0,0.0,0.0,0.0,0.0,0.0,0.0,0.0,0.0,0.0,0.0,40.0,20.0,71428.57,35714.285,54.0,60.0,58.0,2.828427,8.0,0.0,2.0,1.0,0.0,1.0,0.0,0.0,0.0,0.5,58.0,60.0,54.0,0.0,0.0,0.0,0.0,0.0,0.0,2.0,120.0,1.0,54.0,1024.0,0.0,2.0,20.0,0.0,0.0,0.0,0.0,0.0,0.0,0.0,0.0
188.0,30.0,2.0,1.0,120.0,54.0,60.0,60.0,60.0,0.0,54.0,54.0,54.0,0.0,5.8e+06,100000.0,15.0,15.0,30.0,0.0,0.0,0.0,0.0,0.0,0.0,0.0,0.0,0.0,0.0,0.0,0.0,0.0,0.0,0.0,40.0,20.0,66666.664,33333.332,54.0,60.0,58.0,2.828427,8.0,0.0,2.0,1.0,0.0,1.0,0.0,0.0,0.0,0.5,58.0,60.0,54.0,0.0,0.0,0.0,0.0,0.0,0.0,2.0,120.0,1.0,54.0,1024.0,0.0,2.0,20.0,0.0,0.0,0.0,0.0,0.0,0.0,0.0,0.0
314.0,32.0,2.0,1.0,120.0,54.0,60.0,60.0,60.0,0.0,54.0,54.0,54.0,0.0,5.4375e+06,93750.0,16.0,16.0,32.0,0.0,0.0,0.0,0.0,0.0,0.0,0.0,0.0,0.0,0.0,0.0,0.0,0.0,0.0,0.0,40.0,20.0,62500.0,31250.0,54.0,60.0,58.0,2.828427,8.0,0.0,2.0,1.0,0.0,1.0,0.0,0.0,0.0,0.5,58.0,60.0,54.0,0.0,0.0,0.0,0.0,0.0,0.0,2.0,120.0,1.0,54.0,1024.0,0.0,2.0,20.0,0.0,0.0,0.0,0.0,0.0,0.0,0.0,0.0
305.0,35.0,2.0,1.0,120.0,54.0,60.0,60.0,60.0,0.0,54.0,54.0,54.0,0.0,4.9714285e+06,85714.29,17.5,17.5,35.0,0.0,0.0,0.0,0.0,0.0,0.0,0.0,0.0,0.0,0.0,0.0,0.0,0.0,0.0,0.0,40.0,20.0,57142.855,28571.428,54.0,60.0,58.0,2.828427,8.0,0.0,2.0,1.0,0.0,1.0,0.0,0.0,0.0,0.5,58.0,60.0,54.0,0.0,0.0,0.0,0.0,0.0,0.0,2.0,120.0,1.0,54.0,1024.0,0.0,2.0,20.0,0.0,0.0,0.0,0.0,0.0,0.0,0.0,0.0
107.0,48.0,2.0,1.0,120.0,54.0,60.0,60.0,60.0,0.0,54.0,54.0,54.0,0.0,3.625e+06,62500.0,24.0,24.0,48.0,0.0,0.0,0.0,0.0,0.0,0.0,0.0,0.0,0.0,0.0,0.0,0.0,0.0,0.0,0.0,40.0,20.0,41666.668,20833.334,54.0,60.0,58.0,2.828427,8.0,0.0,2.0,1.0,0.0,1.0,0.0,0.0,0.0,0.5,58.0,60.0,54.0,0.0,0.0,0.0,0.0,0.0,0.0,2.0,120.0,1.0,54.0,1024.0,0.0,2.0,20.0,0.0,0.0,0.0,0.0,0.0,0.0,0.0,0.0
213.0,52.0,2.0,1.0,120.0,54.0,60.0,60.0,60.0,0.0,54.0,54.0,54.0,0.0,3.3461538e+06,57692.31,26.0,26.0,52.0,0.0,0.0,0.0,0.0,0.0,0.0,0.0,0.0,0.0,0.0,0.0,0.0,0.0,0.0,0.0,40.0,20.0,38461.54,19230.77,54.0,60.0,58.0,2.828427,8.0,0.0,2.0,1.0,0.0,1.0,0.0,0.0,0.0,0.5,58.0,60.0,54.0,0.0,0.0,0.0,0.0,0.0,0.0,2.0,120.0,1.0,54.0,1024.0,0.0,2.0,20.0,0.0,0.0,0.0,0.0,0.0,0.0,0.0,0.0
163.0,33.0,2.0,1.0,120.0,54.0,60.0,60.0,60.0,0.0,54.0,54.0,54.0,0.0,5.2727275e+06,90909.09,16.5,16.5,33.0,0.0,0.0,0.0,0.0,0.0,0.0,0.0,0.0,0.0,0.0,0.0,0.0,0.0,0.0,0.0,40.0,20.0,60606.062,30303.031,54.0,60.0,58.0,2.828427,8.0,0.0,2.0,1.0,0.0,1.0,0.0,0.0,0.0,0.5,58.0,60.0,54.0,0.0,0.0,0.0,0.0,0.0,0.0,2.0,120.0,1.0,54.0,1024.0,0.0,2.0,20.0,0.0,0.0,0.0,0.0,0.0,0.0,0.0,0.0
241.0,29.0,2.0,1.0,120.0,54.0,60.0,60.0,60.0,0.0,54.0,54.0,54.0,0.0,6e+06,103448.27,14.5,14.5,29.0,0.0,0.0,0.0,0.0,0.0,0.0,0.0,0.0,0.0,0.0,0.0,0.0,0.0,0.0,0.0,40.0,20.0,68965.516,34482.758,54.0,60.0,58.0,2.828427,8.0,0.0,2.0,1.0,0.0,1.0,0.0,0.0,0.0,0.5,58.0,60.0,54.0,0.0,0.0,0.0,0.0,0.0,0.0,2.0,120.0,1.0,54.0,1024.0,0.0,2.0,20.0,0.0,0.0,0.0,0.0,0.0,0.0,0.0,0.0
446.0,48.0,2.0,1.0,120.0,54.0,60.0,60.0,60.0,0.0,54.0,54.0,54.0,0.0,3.625e+06,62500.0,24.0,24.0,48.0,0.0,0.0,0.0,0.0,0.0,0.0,0.0,0.0,0.0,0.0,0.0,0.0,0.0,0.0,0.0,40.0,20.0,41666.668,20833.334,54.0,60.0,58.0,2.828427,8.0,0.0,2.0,1.0,0.0,1.0,0.0,0.0,0.0,0.5,58.0,60.0,54.0,0.0,0.0,0.0,0.0,0.0,0.0,2.0,120.0,1.0,54.0,1024.0,0.0,2.0,20.0,0.0,0.0,0.0,0.0,0.0,0.0,0.0,0.0
358.0,36.0,2.0,1.0,120.0,54.0,60.0,60.0,60.0,0.0,54.0,54.0,54.0,0.0,4.8333335e+06,83333.336,18.0,18.0,36.0,0.0,0.0,0.0,0.0,0.0,0.0,0.0,0.0,0.0,0.0,0.0,0.0,0.0,0.0,0.0,40.0,20.0,55555.555,27777.777,54.0,60.0,58.0,2.828427,8.0,0.0,2.0,1.0,0.0,1.0,0.0,0.0,0.0,0.5,58.0,60.0,54.0,0.0,0.0,0.0,0.0,0.0,0.0,2.0,120.0,1.0,54.0,1024.0,0.0,2.0,20.0,0.0,0.0,0.0,0.0,0.0,0.0,0.0,0.0
288.0,46.0,2.0,1.0,120.0,54.0,60.0,60.0,60.0,0.0,54.0,54.0,54.0,0.0,3.7826088e+06,65217.39,23.0,23.0,46.0,0.0,0.0,0.0,0.0,0.0,0.0,0.0,0.0,0.0,0.0,0.0,0.0,0.0,0.0,0.0,40.0,20.0,43478.26,21739.13,54.0,60.0,58.0,2.828427,8.0,0.0,2.0,1.0,0.0,1.0,0.0,0.0,0.0,0.5,58.0,60.0,54.0,0.0,0.0,0.0,0.0,0.0,0.0,2.0,120.0,1.0,54.0,1024.0,0.0,2.0,20.0,0.0,0.0,0.0,0.0,0.0,0.0,0.0,0.0
45.0,33.0,2.0,1.0,120.0,54.0,60.0,60.0,60.0,0.0,54.0,54.0,54.0,0.0,5.2727275e+06,90909.09,16.5,16.5,33.0,0.0,0.0,0.0,0.0,0.0,0.0,0.0,0.0,0.0,0.0,0.0,0.0,0.0,0.0,0.0,40.0,20.0,60606.062,30303.031,54.0,60.0,58.0,2.828427,8.0,0.0,2.0,1.0,0.0,1.0,0.0,0.0,0.0,0.5,58.0,60.0,54.0,0.0,0.0,0.0,0.0,0.0,0.0,2.0,120.0,1.0,54.0,1024.0,0.0,2.0,20.0,0.0,0.0,0.0,0.0,0.0,0.0,0.0,0.0
233.0,30.0,2.0,1.0,120.0,54.0,60.0,60.0,60.0,0.0,54.0,54.0,54.0,0.0,5.8e+06,100000.0,15.0,15.0,30.0,0.0,0.0,0.0,0.0,0.0,0.0,0.0,0.0,0.0,0.0,0.0,0.0,0.0,0.0,0.0,40.0,20.0,66666.664,33333.332,54.0,60.0,58.0,2.828427,8.0,0.0,2.0,1.0,0.0,1.0,0.0,0.0,0.0,0.5,58.0,60.0,54.0,0.0,0.0,0.0,0.0,0.0,0.0,2.0,120.0,1.0,54.0,1024.0,0.0,2.0,20.0,0.0,0.0,0.0,0.0,0.0,0.0,0.0,0.0
109.0,38.0,2.0,1.0,120.0,54.0,60.0,60.0,60.0,0.0,54.0,54.0,54.0,0.0,4.5789475e+06,78947.37,19.0,19.0,38.0,0.0,0.0,0.0,0.0,0.0,0.0,0.0,0.0,0.0,0.0,0.0,0.0,0.0,0.0,0.0,40.0,20.0,52631.58,26315.79,54.0,60.0,58.0,2.828427,8.0,0.0,2.0,1.0,0.0,1.0,0.0,0.0,0.0,0.5,58.0,60.0,54.0,0.0,0.0,0.0,0.0,0.0,0.0,2.0,120.0,1.0,54.0,1024.0,0.0,2.0,20.0,0.0,0.0,0.0,0.0,0.0,0.0,0.0,0.0
316.0,36.0,2.0,1.0,120.0,54.0,60.0,60.0,60.0,0.0,54.0,54.0,54.0,0.0,4.8333335e+06,83333.336,18.0,18.0,36.0,0.0,0.0,0.0,0.0,0.0,0.0,0.0,0.0,0.0,0.0,0.0,0.0,0.0,0.0,0.0,40.0,20.0,55555.555,27777.777,54.0,60.0,58.0,2.828427,8.0,0.0,2.0,1.0,0.0,1.0,0.0,0.0,0.0,0.5,58.0,60.0,54.0,0.0,0.0,0.0,0.0,0.0,0.0,2.0,120.0,1.0,54.0,1024.0,0.0,2.0,20.0,0.0,0.0,0.0,0.0,0.0,0.0,0.0,0.0
367.0,29.0,2.0,1.0,120.0,54.0,60.0,60.0,60.0,0.0,54.0,54.0,54.0,0.0,6e+06,103448.27,14.5,14.5,29.0,0.0,0.0,0.0,0.0,0.0,0.0,0.0,0.0,0.0,0.0,0.0,0.0,0.0,0.0,0.0,40.0,20.0,68965.516,34482.758,54.0,60.0,58.0,2.828427,8.0,0.0,2.0,1.0,0.0,1.0,0.0,0.0,0.0,0.5,58.0,60.0,54.0,0.0,0.0,0.0,0.0,0.0,0.0,2.0,120.0,1.0,54.0,1024.0,0.0,2.0,20.0,0.0,0.0,0.0,0.0,0.0,0.0,0.0,0.0
287.0,31.0,2.0,1.0,120.0,54.0,60.0,60.0,60.0,0.0,54.0,54.0,54.0,0.0,5.612903e+06,96774.195,15.5,15.5,31.0,0.0,0.0,0.0,0.0,0.0,0.0,0.0,0.0,0.0,0.0,0.0,0.0,0.0,0.0,0.0,40.0,20.0,64516.13,32258.064,54.0,60.0,58.0,2.828427,8.0,0.0,2.0,1.0,0.0,1.0,0.0,0.0,0.0,0.5,58.0,60.0,54.0,0.0,0.0,0.0,0.0,0.0,0.0,2.0,120.0,1.0,54.0,1024.0,0.0,2.0,20.0,0.0,0.0,0.0,0.0,0.0,0.0,0.0,0.0
177.0,29.0,2.0,1.0,120.0,54.0,60.0,60.0,60.0,0.0,54.0,54.0,54.0,0.0,6e+06,103448.27,14.5,14.5,29.0,0.0,0.0,0.0,0.0,0.0,0.0,0.0,0.0,0.0,0.0,0.0,0.0,0.0,0.0,0.0,40.0,20.0,68965.516,34482.758,54.0,60.0,58.0,2.828427,8.0,0.0,2.0,1.0,0.0,1.0,0.0,0.0,0.0,0.5,58.0,60.0,54.0,0.0,0.0,0.0,0.0,0.0,0.0,2.0,120.0,1.0,54.0,1024.0,0.0,2.0,20.0,0.0,0.0,0.0,0.0,0.0,0.0,0.0,0.0
278.0,74.0,2.0,1.0,120.0,54.0,60.0,60.0,60.0,0.0,54.0,54.0,54.0,0.0,2.3513512e+06,40540.54,37.0,37.0,74.0,0.0,0.0,0.0,0.0,0.0,0.0,0.0,0.0,0.0,0.0,0.0,0.0,0.0,0.0,0.0,40.0,20.0,27027.027,13513.514,54.0,60.0,58.0,2.828427,8.0,0.0,2.0,1.0,0.0,1.0,0.0,0.0,0.0,0.5,58.0,60.0,54.0,0.0,0.0,0.0,0.0,0.0,0.0,2.0,120.0,1.0,54.0,1024.0,0.0,2.0,20.0,0.0,0.0,0.0,0.0,0.0,0.0,0.0,0.0
301.0,29.0,2.0,1.0,120.0,54.0,60.0,60.0,60.0,0.0,54.0,54.0,54.0,0.0,6e+06,103448.27,14.5,14.5,29.0,0.0,0.0,0.0,0.0,0.0,0.0,0.0,0.0,0.0,0.0,0.0,0.0,0.0,0.0,0.0,40.0,20.0,68965.516,34482.758,54.0,60.0,58.0,2.828427,8.0,0.0,2.0,1.0,0.0,1.0,0.0,0.0,0.0,0.5,58.0,60.0,54.0,0.0,0.0,0.0,0.0,0.0,0.0,2.0,120.0,1.0,54.0,1024.0,0.0,2.0,20.0,0.0,0.0,0.0,0.0,0.0,0.0,0.0,0.0
447.0,36.0,2.0,1.0,120.0,54.0,60.0,60.0,60.0,0.0,54.0,54.0,54.0,0.0,4.8333335e+06,83333.336,18.0,18.0,36.0,0.0,0.0,0.0,0.0,0.0,0.0,0.0,0.0,0.0,0.0,0.0,0.0,0.0,0.0,0.0,40.0,20.0,55555.555,27777.777,54.0,60.0,58.0,2.828427,8.0,0.0,2.0,1.0,0.0,1.0,0.0,0.0,0.0,0.5,58.0,60.0,54.0,0.0,0.0,0.0,0.0,0.0,0.0,2.0,120.0,1.0,54.0,1024.0,0.0,2.0,20.0,0.0,0.0,0.0,0.0,0.0,0.0,0.0,0.0
100.0,30.0,2.0,1.0,120.0,54.0,60.0,60.0,60.0,0.0,54.0,54.0,54.0,0.0,5.8e+06,100000.0,15.0,15.0,30.0,0.0,0.0,0.0,0.0,0.0,0.0,0.0,0.0,0.0,0.0,0.0,0.0,0.0,0.0,0.0,40.0,20.0,66666.664,33333.332,54.0,60.0,58.0,2.828427,8.0,0.0,2.0,1.0,0.0,1.0,0.0,0.0,0.0,0.5,58.0,60.0,54.0,0.0,0.0,0.0,0.0,0.0,0.0,2.0,120.0,1.0,54.0,1024.0,0.0,2.0,20.0,0.0,0.0,0.0,0.0,0.0,0.0,0.0,0.0
270.0,29.0,2.0,1.0,120.0,54.0,60.0,60.0,60.0,0.0,54.0,54.0,54.0,0.0,6e+06,103448.27,14.5,14.5,29.0,0.0,0.0,0.0,0.0,0.0,0.0,0.0,0.0,0.0,0.0,0.0,0.0,0.0,0.0,0.0,40.0,20.0,68965.516,34482.758,54.0,60.0,58.0,2.828427,8.0,0.0,2.0,1.0,0.0,1.0,0.0,0.0,0.0,0.5,58.0,60.0,54.0,0.0,0.0,0.0,0.0,0.0,0.0,2.0,120.0,1.0,54.0,1024.0,0.0,2.0,20.0,0.0,0.0,0.0,0.0,0.0,0.0,0.0,0.0
355.0,72.0,2.0,1.0,120.0,54.0,60.0,60.0,60.0,0.0,54.0,54.0,54.0,0.0,2.4166668e+06,41666.668,36.0,36.0,72.0,0.0,0.0,0.0,0.0,0.0,0.0,0.0,0.0,0.0,0.0,0.0,0.0,0.0,0.0,0.0,40.0,20.0,27777.777,13888.889,54.0,60.0,58.0,2.828427,8.0,0.0,2.0,1.0,0.0,1.0,0.0,0.0,0.0,0.5,58.0,60.0,54.0,0.0,0.0,0.0,0.0,0.0,0.0,2.0,120.0,1.0,54.0,1024.0,0.0,2.0,20.0,0.0,0.0,0.0,0.0,0.0,0.0,0.0,0.0
334.0,36.0,2.0,1.0,120.0,54.0,60.0,60.0,60.0,0.0,54.0,54.0,54.0,0.0,4.8333335e+06,83333.336,18.0,18.0,36.0,0.0,0.0,0.0,0.0,0.0,0.0,0.0,0.0,0.0,0.0,0.0,0.0,0.0,0.0,0.0,40.0,20.0,55555.555,27777.777,54.0,60.0,58.0,2.828427,8.0,0.0,2.0,1.0,0.0,1.0,0.0,0.0,0.0,0.5,58.0,60.0,54.0,0.0,0.0,0.0,0.0,0.0,0.0,2.0,120.0,1.0,54.0,1024.0,0.0,2.0,20.0,0.0,0.0,0.0,0.0,0.0,0.0,0.0,0.0
243.0,30.0,2.0,1.0,120.0,54.0,60.0,60.0,60.0,0.0,54.0,54.0,54.0,0.0,5.8e+06,100000.0,15.0,15.0,30.0,0.0,0.0,0.0,0.0,0.0,0.0,0.0,0.0,0.0,0.0,0.0,0.0,0.0,0.0,0.0,40.0,20.0,66666.664,33333.332,54.0,60.0,58.0,2.828427,8.0,0.0,2.0,1.0,0.0,1.0,0.0,0.0,0.0,0.5,58.0,60.0,54.0,0.0,0.0,0.0,0.0,0.0,0.0,2.0,120.0,1.0,54.0,1024.0,0.0,2.0,20.0,0.0,0.0,0.0,0.0,0.0,0.0,0.0,0.0
480.0,30.0,2.0,1.0,120.0,54.0,60.0,60.0,60.0,0.0,54.0,54.0,54.0,0.0,5.8e+06,100000.0,15.0,15.0,30.0,0.0,0.0,0.0,0.0,0.0,0.0,0.0,0.0,0.0,0.0,0.0,0.0,0.0,0.0,0.0,40.0,20.0,66666.664,33333.332,54.0,60.0,58.0,2.828427,8.0,0.0,2.0,1.0,0.0,1.0,0.0,0.0,0.0,0.5,58.0,60.0,54.0,0.0,0.0,0.0,0.0,0.0,0.0,2.0,120.0,1.0,54.0,1024.0,0.0,2.0,20.0,0.0,0.0,0.0,0.0,0.0,0.0,0.0,0.0
34.0,31.0,2.0,1.0,120.0,54.0,60.0,60.0,60.0,0.0,54.0,54.0,54.0,0.0,5.612903e+06,96774.195,15.5,15.5,31.0,0.0,0.0,0.0,0.0,0.0,0.0,0.0,0.0,0.0,0.0,0.0,0.0,0.0,0.0,0.0,40.0,20.0,64516.13,32258.064,54.0,60.0,58.0,2.828427,8.0,0.0,2.0,1.0,0.0,1.0,0.0,0.0,0.0,0.5,58.0,60.0,54.0,0.0,0.0,0.0,0.0,0.0,0.0,2.0,120.0,1.0,54.0,1024.0,0.0,2.0,20.0,0.0,0.0,0.0,0.0,0.0,0.0,0.0,0.0
96.0,41.0,2.0,1.0,120.0,54.0,60.0,60.0,60.0,0.0,54.0,54.0,54.0,0.0,4.2439025e+06,73170.734,20.5,20.5,41.0,0.0,0.0,0.0,0.0,0.0,0.0,0.0,0.0,0.0,0.0,0.0,0.0,0.0,0.0,0.0,40.0,20.0,48780.49,24390.244,54.0,60.0,58.0,2.828427,8.0,0.0,2.0,1.0,0.0,1.0,0.0,0.0,0.0,0.5,58.0,60.0,54.0,0.0,0.0,0.0,0.0,0.0,0.0,2.0,120.0,1.0,54.0,1024.0,0.0,2.0,20.0,0.0,0.0,0.0,0.0,0.0,0.0,0.0,0.0
43.0,37.0,2.0,1.0,120.0,54.0,60.0,60.0,60.0,0.0,54.0,54.0,54.0,0.0,4.7027025e+06,81081.08,18.5,18.5,37.0,0.0,0.0,0.0,0.0,0.0,0.0,0.0,0.0,0.0,0.0,0.0,0.0,0.0,0.0,0.0,40.0,20.0,54054.055,27027.027,54.0,60.0,58.0,2.828427,8.0,0.0,2.0,1.0,0.0,1.0,0.0,0.0,0.0,0.5,58.0,60.0,54.0,0.0,0.0,0.0,0.0,0.0,0.0,2.0,120.0,1.0,54.0,1024.0,0.0,2.0,20.0,0.0,0.0,0.0,0.0,0.0,0.0,0.0,0.0
126.0,37.0,2.0,1.0,120.0,54.0,60.0,60.0,60.0,0.0,54.0,54.0,54.0,0.0,4.7027025e+06,81081.08,18.5,18.5,37.0,0.0,0.0,0.0,0.0,0.0,0.0,0.0,0.0,0.0,0.0,0.0,0.0,0.0,0.0,0.0,40.0,20.0,54054.055,27027.027,54.0,60.0,58.0,2.828427,8.0,0.0,2.0,1.0,0.0,1.0,0.0,0.0,0.0,0.5,58.0,60.0,54.0,0.0,0.0,0.0,0.0,0.0,0.0,2.0,120.0,1.0,54.0,1024.0,0.0,2.0,20.0,0.0,0.0,0.0,0.0,0.0,0.0,0.0,0.0
120.0,41.0,2.0,1.0,120.0,54.0,60.0,60.0,60.0,0.0,54.0,54.0,54.0,0.0,4.2439025e+06,73170.734,20.5,20.5,41.0,0.0,0.0,0.0,0.0,0.0,0.0,0.0,0.0,0.0,0.0,0.0,0.0,0.0,0.0,0.0,40.0,20.0,48780.49,24390.244,54.0,60.0,58.0,2.828427,8.0,0.0,2.0,1.0,0.0,1.0,0.0,0.0,0.0,0.5,58.0,60.0,54.0,0.0,0.0,0.0,0.0,0.0,0.0,2.0,120.0,1.0,54.0,1024.0,0.0,2.0,20.0,0.0,0.0,0.0,0.0,0.0,0.0,0.0,0.0
387.0,30.0,2.0,1.0,120.0,54.0,60.0,60.0,60.0,0.0,54.0,54.0,54.0,0.0,5.8e+06,100000.0,15.0,15.0,30.0,0.0,0.0,0.0,0.0,0.0,0.0,0.0,0.0,0.0,0.0,0.0,0.0,0.0,0.0,0.0,40.0,20.0,66666.664,33333.332,54.0,60.0,58.0,2.828427,8.0,0.0,2.0,1.0,0.0,1.0,0.0,0.0,0.0,0.5,58.0,60.0,54.0,0.0,0.0,0.0,0.0,0.0,0.0,2.0,120.0,1.0,54.0,1024.0,0.0,2.0,20.0,0.0,0.0,0.0,0.0,0.0,0.0,0.0,0.0
483.0,30.0,2.0,1.0,120.0,54.0,60.0,60.0,60.0,0.0,54.0,54.0,54.0,0.0,5.8e+06,100000.0,15.0,15.0,30.0,0.0,0.0,0.0,0.0,0.0,0.0,0.0,0.0,0.0,0.0,0.0,0.0,0.0,0.0,0.0,40.0,20.0,66666.664,33333.332,54.0,60.0,58.0,2.828427,8.0,0.0,2.0,1.0,0.0,1.0,0.0,0.0,0.0,0.5,58.0,60.0,54.0,0.0,0.0,0.0,0.0,0.0,0.0,2.0,120.0,1.0,54.0,1024.0,0.0,2.0,20.0,0.0,0.0,0.0,0.0,0.0,0.0,0.0,0.0
194.0,30.0,2.0,1.0,120.0,54.0,60.0,60.0,60.0,0.0,54.0,54.0,54.0,0.0,5.8e+06,100000.0,15.0,15.0,30.0,0.0,0.0,0.0,0.0,0.0,0.0,0.0,0.0,0.0,0.0,0.0,0.0,0.0,0.0,0.0,40.0,20.0,66666.664,33333.332,54.0,60.0,58.0,2.828427,8.0,0.0,2.0,1.0,0.0,1.0,0.0,0.0,0.0,0.5,58.0,60.0,54.0,0.0,0.0,0.0,0.0,0.0,0.0,2.0,120.0,1.0,54.0,1024.0,0.0,2.0,20.0,0.0,0.0,0.0,0.0,0.0,0.0,0.0,0.0
294.0,30.0,2.0,1.0,120.0,54.0,60.0,60.0,60.0,0.0,54.0,54.0,54.0,0.0,5.8e+06,100000.0,15.0,15.0,30.0,0.0,0.0,0.0,0.0,0.0,0.0,0.0,0.0,0.0,0.0,0.0,0.0,0.0,0.0,0.0,40.0,20.0,66666.664,33333.332,54.0,60.0,58.0,2.828427,8.0,0.0,2.0,1.0,0.0,1.0,0.0,0.0,0.0,0.5,58.0,60.0,54.0,0.0,0.0,0.0,0.0,0.0,0.0,2.0,120.0,1.0,54.0,1024.0,0.0,2.0,20.0,0.0,0.0,0.0,0.0,0.0,0.0,0.0,0.0
374.0,29.0,2.0,1.0,120.0,54.0,60.0,60.0,60.0,0.0,54.0,54.0,54.0,0.0,6e+06,103448.27,14.5,14.5,29.0,0.0,0.0,0.0,0.0,0.0,0.0,0.0,0.0,0.0,0.0,0.0,0.0,0.0,0.0,0.0,40.0,20.0,68965.516,34482.758,54.0,60.0,58.0,2.828427,8.0,0.0,2.0,1.0,0.0,1.0,0.0,0.0,0.0,0.5,58.0,60.0,54.0,0.0,0.0,0.0,0.0,0.0,0.0,2.0,120.0,1.0,54.0,1024.0,0.0,2.0,20.0,0.0,0.0,0.0,0.0,0.0,0.0,0.0,0.0
383.0,32.0,2.0,1.0,120.0,54.0,60.0,60.0,60.0,0.0,54.0,54.0,54.0,0.0,5.4375e+06,93750.0,16.0,16.0,32.0,0.0,0.0,0.0,0.0,0.0,0.0,0.0,0.0,0.0,0.0,0.0,0.0,0.0,0.0,0.0,40.0,20.0,62500.0,31250.0,54.0,60.0,58.0,2.828427,8.0,0.0,2.0,1.0,0.0,1.0,0.0,0.0,0.0,0.5,58.0,60.0,54.0,0.0,0.0,0.0,0.0,0.0,0.0,2.0,120.0,1.0,54.0,1024.0,0.0,2.0,20.0,0.0,0.0,0.0,0.0,0.0,0.0,0.0,0.0
88.0,36.0,2.0,1.0,120.0,54.0,60.0,60.0,60.0,0.0,54.0,54.0,54.0,0.0,4.8333335e+06,83333.336,18.0,18.0,36.0,0.0,0.0,0.0,0.0,0.0,0.0,0.0,0.0,0.0,0.0,0.0,0.0,0.0,0.0,0.0,40.0,20.0,55555.555,27777.777,54.0,60.0,58.0,2.828427,8.0,0.0,2.0,1.0,0.0,1.0,0.0,0.0,0.0,0.5,58.0,60.0,54.0,0.0,0.0,0.0,0.0,0.0,0.0,2.0,120.0,1.0,54.0,1024.0,0.0,2.0,20.0,0.0,0.0,0.0,0.0,0.0,0.0,0.0,0.0
413.0,30.0,2.0,1.0,120.0,54.0,60.0,60.0,60.0,0.0,54.0,54.0,54.0,0.0,5.8e+06,100000.0,15.0,15.0,30.0,0.0,0.0,0.0,0.0,0.0,0.0,0.0,0.0,0.0,0.0,0.0,0.0,0.0,0.0,0.0,40.0,20.0,66666.664,33333.332,54.0,60.0,58.0,2.828427,8.0,0.0,2.0,1.0,0.0,1.0,0.0,0.0,0.0,0.5,58.0,60.0,54.0,0.0,0.0,0.0,0.0,0.0,0.0,2.0,120.0,1.0,54.0,1024.0,0.0,2.0,20.0,0.0,0.0,0.0,0.0,0.0,0.0,0.0,0.0
370.0,30.0,2.0,1.0,120.0,54.0,60.0,60.0,60.0,0.0,54.0,54.0,54.0,0.0,5.8e+06,100000.0,15.0,15.0,30.0,0.0,0.0,0.0,0.0,0.0,0.0,0.0,0.0,0.0,0.0,0.0,0.0,0.0,0.0,0.0,40.0,20.0,66666.664,33333.332,54.0,60.0,58.0,2.828427,8.0,0.0,2.0,1.0,0.0,1.0,0.0,0.0,0.0,0.5,58.0,60.0,54.0,0.0,0.0,0.0,0.0,0.0,0.0,2.0,120.0,1.0,54.0,1024.0,0.0,2.0,20.0,0.0,0.0,0.0,0.0,0.0,0.0,0.0,0.0
266.0,71.0,2.0,1.0,120.0,54.0,60.0,60.0,60.0,0.0,54.0,54.0,54.0,0.0,2.4507042e+06,42253.52,35.5,35.5,71.0,0.0,0.0,0.0,0.0,0.0,0.0,0.0,0.0,0.0,0.0,0.0,0.0,0.0,0.0,0.0,40.0,20.0,28169.014,14084.507,54.0,60.0,58.0,2.828427,8.0,0.0,2.0,1.0,0.0,1.0,0.0,0.0,0.0,0.5,58.0,60.0,54.0,0.0,0.0,0.0,0.0,0.0,0.0,2.0,120.0,1.0,54.0,1024.0,0.0,2.0,20.0,0.0,0.0,0.0,0.0,0.0,0.0,0.0,0.0
29.0,29.0,2.0,1.0,120.0,54.0,60.0,60.0,60.0,0.0,54.0,54.0,54.0,0.0,6e+06,103448.27,14.5,14.5,29.0,0.0,0.0,0.0,0.0,0.0,0.0,0.0,0.0,0.0,0.0,0.0,0.0,0.0,0.0,0.0,40.0,20.0,68965.516,34482.758,54.0,60.0,58.0,2.828427,8.0,0.0,2.0,1.0,0.0,1.0,0.0,0.0,0.0,0.5,58.0,60.0,54.0,0.0,0.0,0.0,0.0,0.0,0.0,2.0,120.0,1.0,54.0,1024.0,0.0,2.0,20.0,0.0,0.0,0.0,0.0,0.0,0.0,0.0,0.0
468.0,35.0,2.0,1.0,120.0,54.0,60.0,60.0,60.0,0.0,54.0,54.0,54.0,0.0,4.9714285e+06,85714.29,17.5,17.5,35.0,0.0,0.0,0.0,0.0,0.0,0.0,0.0,0.0,0.0,0.0,0.0,0.0,0.0,0.0,0.0,40.0,20.0,57142.855,28571.428,54.0,60.0,58.0,2.828427,8.0,0.0,2.0,1.0,0.0,1.0,0.0,0.0,0.0,0.5,58.0,60.0,54.0,0.0,0.0,0.0,0.0,0.0,0.0,2.0,120.0,1.0,54.0,1024.0,0.0,2.0,20.0,0.0,0.0,0.0,0.0,0.0,0.0,0.0,0.0
47.0,30.0,2.0,1.0,120.0,54.0,60.0,60.0,60.0,0.0,54.0,54.0,54.0,0.0,5.8e+06,100000.0,15.0,15.0,30.0,0.0,0.0,0.0,0.0,0.0,0.0,0.0,0.0,0.0,0.0,0.0,0.0,0.0,0.0,0.0,40.0,20.0,66666.664,33333.332,54.0,60.0,58.0,2.828427,8.0,0.0,2.0,1.0,0.0,1.0,0.0,0.0,0.0,0.5,58.0,60.0,54.0,0.0,0.0,0.0,0.0,0.0,0.0,2.0,120.0,1.0,54.0,1024.0,0.0,2.0,20.0,0.0,0.0,0.0,0.0,0.0,0.0,0.0,0.0
8000.0,29.0,2.0,1.0,120.0,54.0,60.0,60.0,60.0,0.0,54.0,54.0,54.0,0.0,6e+06,103448.27,14.5,14.5,29.0,0.0,0.0,0.0,0.0,0.0,0.0,0.0,0.0,0.0,0.0,0.0,0.0,0.0,0.0,0.0,40.0,20.0,68965.516,34482.758,54.0,60.0,58.0,2.828427,8.0,0.0,2.0,1.0,0.0,1.0,0.0,0.0,0.0,0.5,58.0,60.0,54.0,0.0,0.0,0.0,0.0,0.0,0.0,2.0,120.0,1.0,54.0,1024.0,0.0,2.0,20.0,0.0,0.0,0.0,0.0,0.0,0.0,0.0,0.0
57.0,30.0,2.0,1.0,120.0,54.0,60.0,60.0,60.0,0.0,54.0,54.0,54.0,0.0,5.8e+06,100000.0,15.0,15.0,30.0,0.0,0.0,0.0,0.0,0.0,0.0,0.0,0.0,0.0,0.0,0.0,0.0,0.0,0.0,0.0,40.0,20.0,66666.664,33333.332,54.0,60.0,58.0,2.828427,8.0,0.0,2.0,1.0,0.0,1.0,0.0,0.0,0.0,0.5,58.0,60.0,54.0,0.0,0.0,0.0,0.0,0.0,0.0,2.0,120.0,1.0,54.0,1024.0,0.0,2.0,20.0,0.0,0.0,0.0,0.0,0.0,0.0,0.0,0.0
258.0,32.0,2.0,1.0,120.0,54.0,60.0,60.0,60.0,0.0,54.0,54.0,54.0,0.0,5.4375e+06,93750.0,16.0,16.0,32.0,0.0,0.0,0.0,0.0,0.0,0.0,0.0,0.0,0.0,0.0,0.0,0.0,0.0,0.0,0.0,40.0,20.0,62500.0,31250.0,54.0,60.0,58.0,2.828427,8.0,0.0,2.0,1.0,0.0,1.0,0.0,0.0,0.0,0.5,58.0,60.0,54.0,0.0,0.0,0.0,0.0,0.0,0.0,2.0,120.0,1.0,54.0,1024.0,0.0,2.0,20.0,0.0,0.0,0.0,0.0,0.0,0.0,0.0,0.0
348.0,55.0,2.0,1.0,120.0,54.0,60.0,60.0,60.0,0.0,54.0,54.0,54.0,0.0,3.1636362e+06,54545.453,27.5,27.5,55.0,0.0,0.0,0.0,0.0,0.0,0.0,0.0,0.0,0.0,0.0,0.0,0.0,0.0,0.0,0.0,40.0,20.0,36363.637,18181.818,54.0,60.0,58.0,2.828427,8.0,0.0,2.0,1.0,0.0,1.0,0.0,0.0,0.0,0.5,58.0,60.0,54.0,0.0,0.0,0.0,0.0,0.0,0.0,2.0,120.0,1.0,54.0,1024.0,0.0,2.0,20.0,0.0,0.0,0.0,0.0,0.0,0.0,0.0,0.0
304.0,29.0,2.0,1.0,120.0,54.0,60.0,60.0,60.0,0.0,54.0,54.0,54.0,0.0,6e+06,103448.27,14.5,14.5,29.0,0.0,0.0,0.0,0.0,0.0,0.0,0.0,0.0,0.0,0.0,0.0,0.0,0.0,0.0,0.0,40.0,20.0,68965.516,34482.758,54.0,60.0,58.0,2.828427,8.0,0.0,2.0,1.0,0.0,1.0,0.0,0.0,0.0,0.5,58.0,60.0,54.0,0.0,0.0,0.0,0.0,0.0,0.0,2.0,120.0,1.0,54.0,1024.0,0.0,2.0,20.0,0.0,0.0,0.0,0.0,0.0,0.0,0.0,0.0
403.0,28.0,2.0,1.0,120.0,54.0,60.0,60.0,60.0,0.0,54.0,54.0,54.0,0.0,6.2142855e+06,107142.86,14.0,14.0,28.0,0.0,0.0,0.0,0.0,0.0,0.0,0.0,0.0,0.0,0.0,0.0,0.0,0.0,0.0,0.0,40.0,20.0,71428.57,35714.285,54.0,60.0,58.0,2.828427,8.0,0.0,2.0,1.0,0.0,1.0,0.0,0.0,0.0,0.5,58.0,60.0,54.0,0.0,0.0,0.0,0.0,0.0,0.0,2.0,120.0,1.0,54.0,1024.0,0.0,2.0,20.0,0.0,0.0,0.0,0.0,0.0,0.0,0.0,0.0
185.0,29.0,2.0,1.0,120.0,54.0,60.0,60.0,60.0,0.0,54.0,54.0,54.0,0.0,6e+06,103448.27,14.5,14.5,29.0,0.0,0.0,0.0,0.0,0.0,0.0,0.0,0.0,0.0,0.0,0.0,0.0,0.0,0.0,0.0,40.0,20.0,68965.516,34482.758,54.0,60.0,58.0,2.828427,8.0,0.0,2.0,1.0,0.0,1.0,0.0,0.0,0.0,0.5,58.0,60.0,54.0,0.0,0.0,0.0,0.0,0.0,0.0,2.0,120.0,1.0,54.0,1024.0,0.0,2.0,20.0,0.0,0.0,0.0,0.0,0.0,0.0,0.0,0.0
363.0,30.0,2.0,1.0,120.0,54.0,60.0,60.0,60.0,0.0,54.0,54.0,54.0,0.0,5.8e+06,100000.0,15.0,15.0,30.0,0.0,0.0,0.0,0.0,0.0,0.0,0.0,0.0,0.0,0.0,0.0,0.0,0.0,0.0,0.0,40.0,20.0,66666.664,33333.332,54.0,60.0,58.0,2.828427,8.0,0.0,2.0,1.0,0.0,1.0,0.0,0.0,0.0,0.5,58.0,60.0,54.0,0.0,0.0,0.0,0.0,0.0,0.0,2.0,120.0,1.0,54.0,1024.0,0.0,2.0,20.0,0.0,0.0,0.0,0.0,0.0,0.0,0.0,0.0
20.0,53.0,2.0,1.0,120.0,54.0,60.0,60.0,60.0,0.0,54.0,54.0,54.0,0.0,3.2830188e+06,56603.773,26.5,26.5,53.0,0.0,0.0,0.0,0.0,0.0,0.0,0.0,0.0,0.0,0.0,0.0,0.0,0.0,0.0,0.0,40.0,20.0,37735.848,18867.924,54.0,60.0,58.0,2.828427,8.0,0.0,2.0,1.0,0.0,1.0,0.0,0.0,0.0,0.5,58.0,60.0,54.0,0.0,0.0,0.0,0.0,0.0,0.0,2.0,120.0,1.0,54.0,1024.0,0.0,2.0,20.0,0.0,0.0,0.0,0.0,0.0,0.0,0.0,0.0
136.0,37.0,2.0,1.0,120.0,54.0,60.0,60.0,60.0,0.0,54.0,54.0,54.0,0.0,4.7027025e+06,81081.08,18.5,18.5,37.0,0.0,0.0,0.0,0.0,0.0,0.0,0.0,0.0,0.0,0.0,0.0,0.0,0.0,0.0,0.0,40.0,20.0,54054.055,27027.027,54.0,60.0,58.0,2.828427,8.0,0.0,2.0,1.0,0.0,1.0,0.0,0.0,0.0,0.5,58.0,60.0,54.0,0.0,0.0,0.0,0.0,0.0,0.0,2.0,120.0,1.0,54.0,1024.0,0.0,2.0,20.0,0.0,0.0,0.0,0.0,0.0,0.0,0.0,0.0
30.0,29.0,2.0,1.0,120.0,54.0,60.0,60.0,60.0,0.0,54.0,54.0,54.0,0.0,6e+06,103448.27,14.5,14.5,29.0,0.0,0.0,0.0,0.0,0.0,0.0,0.0,0.0,0.0,0.0,0.0,0.0,0.0,0.0,0.0,40.0,20.0,68965.516,34482.758,54.0,60.0,58.0,2.828427,8.0,0.0,2.0,1.0,0.0,1.0,0.0,0.0,0.0,0.5,58.0,60.0,54.0,0.0,0.0,0.0,0.0,0.0,0.0,2.0,120.0,1.0,54.0,1024.0,0.0,2.0,20.0,0.0,0.0,0.0,0.0,0.0,0.0,0.0,0.0
69.0,35.0,2.0,1.0,120.0,54.0,60.0,60.0,60.0,0.0,54.0,54.0,54.0,0.0,4.9714285e+06,85714.29,17.5,17.5,35.0,0.0,0.0,0.0,0.0,0.0,0.0,0.0,0.0,0.0,0.0,0.0,0.0,0.0,0.0,0.0,40.0,20.0,57142.855,28571.428,54.0,60.0,58.0,2.828427,8.0,0.0,2.0,1.0,0.0,1.0,0.0,0.0,0.0,0.5,58.0,60.0,54.0,0.0,0.0,0.0,0.0,0.0,0.0,2.0,120.0,1.0,54.0,1024.0,0.0,2.0,20.0,0.0,0.0,0.0,0.0,0.0,0.0,0.0,0.0
281.0,29.0,2.0,1.0,120.0,54.0,60.0,60.0,60.0,0.0,54.0,54.0,54.0,0.0,6e+06,103448.27,14.5,14.5,29.0,0.0,0.0,0.0,0.0,0.0,0.0,0.0,0.0,0.0,0.0,0.0,0.0,0.0,0.0,0.0,40.0,20.0,68965.516,34482.758,54.0,60.0,58.0,2.828427,8.0,0.0,2.0,1.0,0.0,1.0,0.0,0.0,0.0,0.5,58.0,60.0,54.0,0.0,0.0,0.0,0.0,0.0,0.0,2.0,120.0,1.0,54.0,1024.0,0.0,2.0,20.0,0.0,0.0,0.0,0.0,0.0,0.0,0.0,0.0
473.0,37.0,2.0,1.0,120.0,54.0,60.0,60.0,60.0,0.0,54.0,54.0,54.0,0.0,4.7027025e+06,81081.08,18.5,18.5,37.0,0.0,0.0,0.0,0.0,0.0,0.0,0.0,0.0,0.0,0.0,0.0,0.0,0.0,0.0,0.0,40.0,20.0,54054.055,27027.027,54.0,60.0,58.0,2.828427,8.0,0.0,2.0,1.0,0.0,1.0,0.0,0.0,0.0,0.5,58.0,60.0,54.0,0.0,0.0,0.0,0.0,0.0,0.0,2.0,120.0,1.0,54.0,1024.0,0.0,2.0,20.0,0.0,0.0,0.0,0.0,0.0,0.0,0.0,0.0
396.0,34.0,2.0,1.0,120.0,54.0,60.0,60.0,60.0,0.0,54.0,54.0,54.0,0.0,5.117647e+06,88235.3,17.0,17.0,34.0,0.0,0.0,0.0,0.0,0.0,0.0,0.0,0.0,0.0,0.0,0.0,0.0,0.0,0.0,0.0,40.0,20.0,58823.53,29411.766,54.0,60.0,58.0,2.828427,8.0,0.0,2.0,1.0,0.0,1.0,0.0,0.0,0.0,0.5,58.0,60.0,54.0,0.0,0.0,0.0,0.0,0.0,0.0,2.0,120.0,1.0,54.0,1024.0,0.0,2.0,20.0,0.0,0.0,0.0,0.0,0.0,0.0,0.0,0.0
297.0,45.0,2.0,1.0,120.0,54.0,60.0,60.0,60.0,0.0,54.0,54.0,54.0,0.0,3.8666668e+06,66666.664,22.5,22.5,45.0,0.0,0.0,0.0,0.0,0.0,0.0,0.0,0.0,0.0,0.0,0.0,0.0,0.0,0.0,0.0,40.0,20.0,44444.445,22222.223,54.0,60.0,58.0,2.828427,8.0,0.0,2.0,1.0,0.0,1.0,0.0,0.0,0.0,0.5,58.0,60.0,54.0,0.0,0.0,0.0,0.0,0.0,0.0,2.0,120.0,1.0,54.0,1024.0,0.0,2.0,20.0,0.0,0.0,0.0,0.0,0.0,0.0,0.0,0.0
226.0,29.0,2.0,1.0,120.0,54.0,60.0,60.0,60.0,0.0,54.0,54.0,54.0,0.0,6e+06,103448.27,14.5,14.5,29.0,0.0,0.0,0.0,0.0,0.0,0.0,0.0,0.0,0.0,0.0,0.0,0.0,0.0,0.0,0.0,40.0,20.0,68965.516,34482.758,54.0,60.0,58.0,2.828427,8.0,0.0,2.0,1.0,0.0,1.0,0.0,0.0,0.0,0.5,58.0,60.0,54.0,0.0,0.0,0.0,0.0,0.0,0.0,2.0,120.0,1.0,54.0,1024.0,0.0,2.0,20.0,0.0,0.0,0.0,0.0,0.0,0.0,0.0,0.0
242.0,31.0,2.0,1.0,120.0,54.0,60.0,60.0,60.0,0.0,54.0,54.0,54.0,0.0,5.612903e+06,96774.195,15.5,15.5,31.0,0.0,0.0,0.0,0.0,0.0,0.0,0.0,0.0,0.0,0.0,0.0,0.0,0.0,0.0,0.0,40.0,20.0,64516.13,32258.064,54.0,60.0,58.0,2.828427,8.0,0.0,2.0,1.0,0.0,1.0,0.0,0.0,0.0,0.5,58.0,60.0,54.0,0.0,0.0,0.0,0.0,0.0,0.0,2.0,120.0,1.0,54.0,1024.0,0.0,2.0,20.0,0.0,0.0,0.0,0.0,0.0,0.0,0.0,0.0
159.0,37.0,2.0,1.0,120.0,54.0,60.0,60.0,60.0,0.0,54.0,54.0,54.0,0.0,4.7027025e+06,81081.08,18.5,18.5,37.0,0.0,0.0,0.0,0.0,0.0,0.0,0.0,0.0,0.0,0.0,0.0,0.0,0.0,0.0,0.0,40.0,20.0,54054.055,27027.027,54.0,60.0,58.0,2.828427,8.0,0.0,2.0,1.0,0.0,1.0,0.0,0.0,0.0,0.5,58.0,60.0,54.0,0.0,0.0,0.0,0.0,0.0,0.0,2.0,120.0,1.0,54.0,1024.0,0.0,2.0,20.0,0.0,0.0,0.0,0.0,0.0,0.0,0.0,0.0
138.0,30.0,2.0,1.0,120.0,54.0,60.0,60.0,60.0,0.0,54.0,54.0,54.0,0.0,5.8e+06,100000.0,15.0,15.0,30.0,0.0,0.0,0.0,0.0,0.0,0.0,0.0,0.0,0.0,0.0,0.0,0.0,0.0,0.0,0.0,40.0,20.0,66666.664,33333.332,54.0,60.0,58.0,2.828427,8.0,0.0,2.0,1.0,0.0,1.0,0.0,0.0,0.0,0.5,58.0,60.0,54.0,0.0,0.0,0.0,0.0,0.0,0.0,2.0,120.0,1.0,54.0,1024.0,0.0,2.0,20.0,0.0,0.0,0.0,0.0,0.0,0.0,0.0,0.0
26.0,36.0,2.0,1.0,120.0,54.0,60.0,60.0,60.0,0.0,54.0,54.0,54.0,0.0,4.8333335e+06,83333.336,18.0,18.0,36.0,0.0,0.0,0.0,0.0,0.0,0.0,0.0,0.0,0.0,0.0,0.0,0.0,0.0,0.0,0.0,40.0,20.0,55555.555,27777.777,54.0,60.0,58.0,2.828427,8.0,0.0,2.0,1.0,0.0,1.0,0.0,0.0,0.0,0.5,58.0,60.0,54.0,0.0,0.0,0.0,0.0,0.0,0.0,2.0,120.0,1.0,54.0,1024.0,0.0,2.0,20.0,0.0,0.0,0.0,0.0,0.0,0.0,0.0,0.0
131.0,30.0,2.0,1.0,120.0,54.0,60.0,60.0,60.0,0.0,54.0,54.0,54.0,0.0,5.8e+06,100000.0,15.0,15.0,30.0,0.0,0.0,0.0,0.0,0.0,0.0,0.0,0.0,0.0,0.0,0.0,0.0,0.0,0.0,0.0,40.0,20.0,66666.664,33333.332,54.0,60.0,58.0,2.828427,8.0,0.0,2.0,1.0,0.0,1.0,0.0,0.0,0.0,0.5,58.0,60.0,54.0,0.0,0.0,0.0,0.0,0.0,0.0,2.0,120.0,1.0,54.0,1024.0,0.0,2.0,20.0,0.0,0.0,0.0,0.0,0.0,0.0,0.0,0.0
137.0,32.0,2.0,1.0,120.0,54.0,60.0,60.0,60.0,0.0,54.0,54.0,54.0,0.0,5.4375e+06,93750.0,16.0,16.0,32.0,0.0,0.0,0.0,0.0,0.0,0.0,0.0,0.0,0.0,0.0,0.0,0.0,0.0,0.0,0.0,40.0,20.0,62500.0,31250.0,54.0,60.0,58.0,2.828427,8.0,0.0,2.0,1.0,0.0,1.0,0.0,0.0,0.0,0.5,58.0,60.0,54.0,0.0,0.0,0.0,0.0,0.0,0.0,2.0,120.0,1.0,54.0,1024.0,0.0,2.0,20.0,0.0,0.0,0.0,0.0,0.0,0.0,0.0,0.0
228.0,37.0,2.0,1.0,120.0,54.0,60.0,60.0,60.0,0.0,54.0,54.0,54.0,0.0,4.7027025e+06,81081.08,18.5,18.5,37.0,0.0,0.0,0.0,0.0,0.0,0.0,0.0,0.0,0.0,0.0,0.0,0.0,0.0,0.0,0.0,40.0,20.0,54054.055,27027.027,54.0,60.0,58.0,2.828427,8.0,0.0,2.0,1.0,0.0,1.0,0.0,0.0,0.0,0.5,58.0,60.0,54.0,0.0,0.0,0.0,0.0,0.0,0.0,2.0,120.0,1.0,54.0,1024.0,0.0,2.0,20.0,0.0,0.0,0.0,0.0,0.0,0.0,0.0,0.0
27.0,36.0,2.0,1.0,120.0,54.0,60.0,60.0,60.0,0.0,54.0,54.0,54.0,0.0,4.8333335e+06,83333.336,18.0,18.0,36.0,0.0,0.0,0.0,0.0,0.0,0.0,0.0,0.0,0.0,0.0,0.0,0.0,0.0,0.0,0.0,40.0,20.0,55555.555,27777.777,54.0,60.0,58.0,2.828427,8.0,0.0,2.0,1.0,0.0,1.0,0.0,0.0,0.0,0.5,58.0,60.0,54.0,0.0,0.0,0.0,0.0,0.0,0.0,2.0,120.0,1.0,54.0,1024.0,0.0,2.0,20.0,0.0,0.0,0.0,0.0,0.0,0.0,0.0,0.0
335.0,38.0,2.0,1.0,120.0,54.0,60.0,60.0,60.0,0.0,54.0,54.0,54.0,0.0,4.5789475e+06,78947.37,19.0,19.0,38.0,0.0,0.0,0.0,0.0,0.0,0.0,0.0,0.0,0.0,0.0,0.0,0.0,0.0,0.0,0.0,40.0,20.0,52631.58,26315.79,54.0,60.0,58.0,2.828427,8.0,0.0,2.0,1.0,0.0,1.0,0.0,0.0,0.0,0.5,58.0,60.0,54.0,0.0,0.0,0.0,0.0,0.0,0.0,2.0,120.0,1.0,54.0,1024.0,0.0,2.0,20.0,0.0,0.0,0.0,0.0,0.0,0.0,0.0,0.0
345.0,31.0,2.0,1.0,120.0,54.0,60.0,60.0,60.0,0.0,54.0,54.0,54.0,0.0,5.612903e+06,96774.195,15.5,15.5,31.0,0.0,0.0,0.0,0.0,0.0,0.0,0.0,0.0,0.0,0.0,0.0,0.0,0.0,0.0,0.0,40.0,20.0,64516.13,32258.064,54.0,60.0,58.0,2.828427,8.0,0.0,2.0,1.0,0.0,1.0,0.0,0.0,0.0,0.5,58.0,60.0,54.0,0.0,0.0,0.0,0.0,0.0,0.0,2.0,120.0,1.0,54.0,1024.0,0.0,2.0,20.0,0.0,0.0,0.0,0.0,0.0,0.0,0.0,0.0
166.0,39.0,2.0,1.0,120.0,54.0,60.0,60.0,60.0,0.0,54.0,54.0,54.0,0.0,4.4615385e+06,76923.08,19.5,19.5,39.0,0.0,0.0,0.0,0.0,0.0,0.0,0.0,0.0,0.0,0.0,0.0,0.0,0.0,0.0,0.0,40.0,20.0,51282.05,25641.025,54.0,60.0,58.0,2.828427,8.0,0.0,2.0,1.0,0.0,1.0,0.0,0.0,0.0,0.5,58.0,60.0,54.0,0.0,0.0,0.0,0.0,0.0,0.0,2.0,120.0,1.0,54.0,1024.0,0.0,2.0,20.0,0.0,0.0,0.0,0.0,0.0,0.0,0.0,0.0
380.0,37.0,2.0,1.0,120.0,54.0,60.0,60.0,60.0,0.0,54.0,54.0,54.0,0.0,4.7027025e+06,81081.08,18.5,18.5,37.0,0.0,0.0,0.0,0.0,0.0,0.0,0.0,0.0,0.0,0.0,0.0,0.0,0.0,0.0,0.0,40.0,20.0,54054.055,27027.027,54.0,60.0,58.0,2.828427,8.0,0.0,2.0,1.0,0.0,1.0,0.0,0.0,0.0,0.5,58.0,60.0,54.0,0.0,0.0,0.0,0.0,0.0,0.0,2.0,120.0,1.0,54.0,1024.0,0.0,2.0,20.0,0.0,0.0,0.0,0.0,0.0,0.0,0.0,0.0
318.0,37.0,2.0,1.0,120.0,54.0,60.0,60.0,60.0,0.0,54.0,54.0,54.0,0.0,4.7027025e+06,81081.08,18.5,18.5,37.0,0.0,0.0,0.0,0.0,0.0,0.0,0.0,0.0,0.0,0.0,0.0,0.0,0.0,0.0,0.0,40.0,20.0,54054.055,27027.027,54.0,60.0,58.0,2.828427,8.0,0.0,2.0,1.0,0.0,1.0,0.0,0.0,0.0,0.5,58.0,60.0,54.0,0.0,0.0,0.0,0.0,0.0,0.0,2.0,120.0,1.0,54.0,1024.0,0.0,2.0,20.0,0.0,0.0,0.0,0.0,0.0,0.0,0.0,0.0
193.0,36.0,2.0,1.0,120.0,54.0,60.0,60.0,60.0,0.0,54.0,54.0,54.0,0.0,4.8333335e+06,83333.336,18.0,18.0,36.0,0.0,0.0,0.0,0.0,0.0,0.0,0.0,0.0,0.0,0.0,0.0,0.0,0.0,0.0,0.0,40.0,20.0,55555.555,27777.777,54.0,60.0,58.0,2.828427,8.0,0.0,2.0,1.0,0.0,1.0,0.0,0.0,0.0,0.5,58.0,60.0,54.0,0.0,0.0,0.0,0.0,0.0,0.0,2.0,120.0,1.0,54.0,1024.0,0.0,2.0,20.0,0.0,0.0,0.0,0.0,0.0,0.0,0.0,0.0
312.0,29.0,2.0,1.0,120.0,54.0,60.0,60.0,60.0,0.0,54.0,54.0,54.0,0.0,6e+06,103448.27,14.5,14.5,29.0,0.0,0.0,0.0,0.0,0.0,0.0,0.0,0.0,0.0,0.0,0.0,0.0,0.0,0.0,0.0,40.0,20.0,68965.516,34482.758,54.0,60.0,58.0,2.828427,8.0,0.0,2.0,1.0,0.0,1.0,0.0,0.0,0.0,0.5,58.0,60.0,54.0,0.0,0.0,0.0,0.0,0.0,0.0,2.0,120.0,1.0,54.0,1024.0,0.0,2.0,20.0,0.0,0.0,0.0,0.0,0.0,0.0,0.0,0.0
255.0,32.0,2.0,1.0,120.0,54.0,60.0,60.0,60.0,0.0,54.0,54.0,54.0,0.0,5.4375e+06,93750.0,16.0,16.0,32.0,0.0,0.0,0.0,0.0,0.0,0.0,0.0,0.0,0.0,0.0,0.0,0.0,0.0,0.0,0.0,40.0,20.0,62500.0,31250.0,54.0,60.0,58.0,2.828427,8.0,0.0,2.0,1.0,0.0,1.0,0.0,0.0,0.0,0.5,58.0,60.0,54.0,0.0,0.0,0.0,0.0,0.0,0.0,2.0,120.0,1.0,54.0,1024.0,0.0,2.0,20.0,0.0,0.0,0.0,0.0,0.0,0.0,0.0,0.0
264.0,46.0,2.0,1.0,120.0,54.0,60.0,60.0,60.0,0.0,54.0,54.0,54.0,0.0,3.7826088e+06,65217.39,23.0,23.0,46.0,0.0,0.0,0.0,0.0,0.0,0.0,0.0,0.0,0.0,0.0,0.0,0.0,0.0,0.0,0.0,40.0,20.0,43478.26,21739.13,54.0,60.0,58.0,2.828427,8.0,0.0,2.0,1.0,0.0,1.0,0.0,0.0,0.0,0.5,58.0,60.0,54.0,0.0,0.0,0.0,0.0,0.0,0.0,2.0,120.0,1.0,54.0,1024.0,0.0,2.0,20.0,0.0,0.0,0.0,0.0,0.0,0.0,0.0,0.0
462.0,46.0,2.0,1.0,120.0,54.0,60.0,60.0,60.0,0.0,54.0,54.0,54.0,0.0,3.7826088e+06,65217.39,23.0,23.0,46.0,0.0,0.0,0.0,0.0,0.0,0.0,0.0,0.0,0.0,0.0,0.0,0.0,0.0,0.0,0.0,40.0,20.0,43478.26,21739.13,54.0,60.0,58.0,2.828427,8.0,0.0,2.0,1.0,0.0,1.0,0.0,0.0,0.0,0.5,58.0,60.0,54.0,0.0,0.0,0.0,0.0,0.0,0.0,2.0,120.0,1.0,54.0,1024.0,0.0,2.0,20.0,0.0,0.0,0.0,0.0,0.0,0.0,0.0,0.0
429.0,50.0,2.0,1.0,120.0,54.0,60.0,60.0,60.0,0.0,54.0,54.0,54.0,0.0,3.48e+06,60000.0,25.0,25.0,50.0,0.0,0.0,0.0,0.0,0.0,0.0,0.0,0.0,0.0,0.0,0.0,0.0,0.0,0.0,0.0,40.0,20.0,40000.0,20000.0,54.0,60.0,58.0,2.828427,8.0,0.0,2.0,1.0,0.0,1.0,0.0,0.0,0.0,0.5,58.0,60.0,54.0,0.0,0.0,0.0,0.0,0.0,0.0,2.0,120.0,1.0,54.0,1024.0,0.0,2.0,20.0,0.0,0.0,0.0,0.0,0.0,0.0,0.0,0.0
331.0,29.0,2.0,1.0,120.0,54.0,60.0,60.0,60.0,0.0,54.0,54.0,54.0,0.0,6e+06,103448.27,14.5,14.5,29.0,0.0,0.0,0.0,0.0,0.0,0.0,0.0,0.0,0.0,0.0,0.0,0.0,0.0,0.0,0.0,40.0,20.0,68965.516,34482.758,54.0,60.0,58.0,2.828427,8.0,0.0,2.0,1.0,0.0,1.0,0.0,0.0,0.0,0.5,58.0,60.0,54.0,0.0,0.0,0.0,0.0,0.0,0.0,2.0,120.0,1.0,54.0,1024.0,0.0,2.0,20.0,0.0,0.0,0.0,0.0,0.0,0.0,0.0,0.0
234.0,61.0,2.0,1.0,120.0,54.0,60.0,60.0,60.0,0.0,54.0,54.0,54.0,0.0,2.852459e+06,49180.33,30.5,30.5,61.0,0.0,0.0,0.0,0.0,0.0,0.0,0.0,0.0,0.0,0.0,0.0,0.0,0.0,0.0,0.0,40.0,20.0,32786.887,16393.443,54.0,60.0,58.0,2.828427,8.0,0.0,2.0,1.0,0.0,1.0,0.0,0.0,0.0,0.5,58.0,60.0,54.0,0.0,0.0,0.0,0.0,0.0,0.0,2.0,120.0,1.0,54.0,1024.0,0.0,2.0,20.0,0.0,0.0,0.0,0.0,0.0,0.0,0.0,0.0
67.0,32.0,2.0,1.0,120.0,54.0,60.0,60.0,60.0,0.0,54.0,54.0,54.0,0.0,5.4375e+06,93750.0,16.0,16.0,32.0,0.0,0.0,0.0,0.0,0.0,0.0,0.0,0.0,0.0,0.0,0.0,0.0,0.0,0.0,0.0,40.0,20.0,62500.0,31250.0,54.0,60.0,58.0,2.828427,8.0,0.0,2.0,1.0,0.0,1.0,0.0,0.0,0.0,0.5,58.0,60.0,54.0,0.0,0.0,0.0,0.0,0.0,0.0,2.0,120.0,1.0,54.0,1024.0,0.0,2.0,20.0,0.0,0.0,0.0,0.0,0.0,0.0,0.0,0.0
378.0,38.0,2.0,1.0,120.0,54.0,60.0,60.0,60.0,0.0,54.0,54.0,54.0,0.0,4.5789475e+06,78947.37,19.0,19.0,38.0,0.0,0.0,0.0,0.0,0.0,0.0,0.0,0.0,0.0,0.0,0.0,0.0,0.0,0.0,0.0,40.0,20.0,52631.58,26315.79,54.0,60.0,58.0,2.828427,8.0,0.0,2.0,1.0,0.0,1.0,0.0,0.0,0.0,0.5,58.0,60.0,54.0,0.0,0.0,0.0,0.0,0.0,0.0,2.0,120.0,1.0,54.0,1024.0,0.0,2.0,20.0,0.0,0.0,0.0,0.0,0.0,0.0,0.0,0.0
347.0,30.0,2.0,1.0,120.0,54.0,60.0,60.0,60.0,0.0,54.0,54.0,54.0,0.0,5.8e+06,100000.0,15.0,15.0,30.0,0.0,0.0,0.0,0.0,0.0,0.0,0.0,0.0,0.0,0.0,0.0,0.0,0.0,0.0,0.0,40.0,20.0,66666.664,33333.332,54.0,60.0,58.0,2.828427,8.0,0.0,2.0,1.0,0.0,1.0,0.0,0.0,0.0,0.5,58.0,60.0,54.0,0.0,0.0,0.0,0.0,0.0,0.0,2.0,120.0,1.0,54.0,1024.0,0.0,2.0,20.0,0.0,0.0,0.0,0.0,0.0,0.0,0.0,0.0
282.0,31.0,2.0,1.0,120.0,54.0,60.0,60.0,60.0,0.0,54.0,54.0,54.0,0.0,5.612903e+06,96774.195,15.5,15.5,31.0,0.0,0.0,0.0,0.0,0.0,0.0,0.0,0.0,0.0,0.0,0.0,0.0,0.0,0.0,0.0,40.0,20.0,64516.13,32258.064,54.0,60.0,58.0,2.828427,8.0,0.0,2.0,1.0,0.0,1.0,0.0,0.0,0.0,0.5,58.0,60.0,54.0,0.0,0.0,0.0,0.0,0.0,0.0,2.0,120.0,1.0,54.0,1024.0,0.0,2.0,20.0,0.0,0.0,0.0,0.0,0.0,0.0,0.0,0.0
332.0,32.0,2.0,1.0,120.0,54.0,60.0,60.0,60.0,0.0,54.0,54.0,54.0,0.0,5.4375e+06,93750.0,16.0,16.0,32.0,0.0,0.0,0.0,0.0,0.0,0.0,0.0,0.0,0.0,0.0,0.0,0.0,0.0,0.0,0.0,40.0,20.0,62500.0,31250.0,54.0,60.0,58.0,2.828427,8.0,0.0,2.0,1.0,0.0,1.0,0.0,0.0,0.0,0.5,58.0,60.0,54.0,0.0,0.0,0.0,0.0,0.0,0.0,2.0,120.0,1.0,54.0,1024.0,0.0,2.0,20.0,0.0,0.0,0.0,0.0,0.0,0.0,0.0,0.0
145.0,31.0,2.0,1.0,120.0,54.0,60.0,60.0,60.0,0.0,54.0,54.0,54.0,0.0,5.612903e+06,96774.195,15.5,15.5,31.0,0.0,0.0,0.0,0.0,0.0,0.0,0.0,0.0,0.0,0.0,0.0,0.0,0.0,0.0,0.0,40.0,20.0,64516.13,32258.064,54.0,60.0,58.0,2.828427,8.0,0.0,2.0,1.0,0.0,1.0,0.0,0.0,0.0,0.5,58.0,60.0,54.0,0.0,0.0,0.0,0.0,0.0,0.0,2.0,120.0,1.0,54.0,1024.0,0.0,2.0,20.0,0.0,0.0,0.0,0.0,0.0,0.0,0.0,0.0
489.0,30.0,2.0,1.0,120.0,54.0,60.0,60.0,60.0,0.0,54.0,54.0,54.0,0.0,5.8e+06,100000.0,15.0,15.0,30.0,0.0,0.0,0.0,0.0,0.0,0.0,0.0,0.0,0.0,0.0,0.0,0.0,0.0,0.0,0.0,40.0,20.0,66666.664,33333.332,54.0,60.0,58.0,2.828427,8.0,0.0,2.0,1.0,0.0,1.0,0.0,0.0,0.0,0.5,58.0,60.0,54.0,0.0,0.0,0.0,0.0,0.0,0.0,2.0,120.0,1.0,54.0,1024.0,0.0,2.0,20.0,0.0,0.0,0.0,0.0,0.0,0.0,0.0,0.0
466.0,28.0,2.0,1.0,120.0,54.0,60.0,60.0,60.0,0.0,54.0,54.0,54.0,0.0,6.2142855e+06,107142.86,14.0,14.0,28.0,0.0,0.0,0.0,0.0,0.0,0.0,0.0,0.0,0.0,0.0,0.0,0.0,0.0,0.0,0.0,40.0,20.0,71428.57,35714.285,54.0,60.0,58.0,2.828427,8.0,0.0,2.0,1.0,0.0,1.0,0.0,0.0,0.0,0.5,58.0,60.0,54.0,0.0,0.0,0.0,0.0,0.0,0.0,2.0,120.0,1.0,54.0,1024.0,0.0,2.0,20.0,0.0,0.0,0.0,0.0,0.0,0.0,0.0,0.0
78.0,30.0,2.0,1.0,120.0,54.0,60.0,60.0,60.0,0.0,54.0,54.0,54.0,0.0,5.8e+06,100000.0,15.0,15.0,30.0,0.0,0.0,0.0,0.0,0.0,0.0,0.0,0.0,0.0,0.0,0.0,0.0,0.0,0.0,0.0,40.0,20.0,66666.664,33333.332,54.0,60.0,58.0,2.828427,8.0,0.0,2.0,1.0,0.0,1.0,0.0,0.0,0.0,0.5,58.0,60.0,54.0,0.0,0.0,0.0,0.0,0.0,0.0,2.0,120.0,1.0,54.0,1024.0,0.0,2.0,20.0,0.0,0.0,0.0,0.0,0.0,0.0,0.0,0.0
441.0,29.0,2.0,1.0,120.0,54.0,60.0,60.0,60.0,0.0,54.0,54.0,54.0,0.0,6e+06,103448.27,14.5,14.5,29.0,0.0,0.0,0.0,0.0,0.0,0.0,0.0,0.0,0.0,0.0,0.0,0.0,0.0,0.0,0.0,40.0,20.0,68965.516,34482.758,54.0,60.0,58.0,2.828427,8.0,0.0,2.0,1.0,0.0,1.0,0.0,0.0,0.0,0.5,58.0,60.0,54.0,0.0,0.0,0.0,0.0,0.0,0.0,2.0,120.0,1.0,54.0,1024.0,0.0,2.0,20.0,0.0,0.0,0.0,0.0,0.0,0.0,0.0,0.0
179.0,33.0,2.0,1.0,120.0,54.0,60.0,60.0,60.0,0.0,54.0,54.0,54.0,0.0,5.2727275e+06,90909.09,16.5,16.5,33.0,0.0,0.0,0.0,0.0,0.0,0.0,0.0,0.0,0.0,0.0,0.0,0.0,0.0,0.0,0.0,40.0,20.0,60606.062,30303.031,54.0,60.0,58.0,2.828427,8.0,0.0,2.0,1.0,0.0,1.0,0.0,0.0,0.0,0.5,58.0,60.0,54.0,0.0,0.0,0.0,0.0,0.0,0.0,2.0,120.0,1.0,54.0,1024.0,0.0,2.0,20.0,0.0,0.0,0.0,0.0,0.0,0.0,0.0,0.0
93.0,30.0,2.0,1.0,120.0,54.0,60.0,60.0,60.0,0.0,54.0,54.0,54.0,0.0,5.8e+06,100000.0,15.0,15.0,30.0,0.0,0.0,0.0,0.0,0.0,0.0,0.0,0.0,0.0,0.0,0.0,0.0,0.0,0.0,0.0,40.0,20.0,66666.664,33333.332,54.0,60.0,58.0,2.828427,8.0,0.0,2.0,1.0,0.0,1.0,0.0,0.0,0.0,0.5,58.0,60.0,54.0,0.0,0.0,0.0,0.0,0.0,0.0,2.0,120.0,1.0,54.0,1024.0,0.0,2.0,20.0,0.0,0.0,0.0,0.0,0.0,0.0,0.0,0.0
420.0,36.0,2.0,1.0,120.0,54.0,60.0,60.0,60.0,0.0,54.0,54.0,54.0,0.0,4.8333335e+06,83333.336,18.0,18.0,36.0,0.0,0.0,0.0,0.0,0.0,0.0,0.0,0.0,0.0,0.0,0.0,0.0,0.0,0.0,0.0,40.0,20.0,55555.555,27777.777,54.0,60.0,58.0,2.828427,8.0,0.0,2.0,1.0,0.0,1.0,0.0,0.0,0.0,0.5,58.0,60.0,54.0,0.0,0.0,0.0,0.0,0.0,0.0,2.0,120.0,1.0,54.0,1024.0,0.0,2.0,20.0,0.0,0.0,0.0,0.0,0.0,0.0,0.0,0.0
64.0,38.0,2.0,1.0,120.0,54.0,60.0,60.0,60.0,0.0,54.0,54.0,54.0,0.0,4.5789475e+06,78947.37,19.0,19.0,38.0,0.0,0.0,0.0,0.0,0.0,0.0,0.0,0.0,0.0,0.0,0.0,0.0,0.0,0.0,0.0,40.0,20.0,52631.58,26315.79,54.0,60.0,58.0,2.828427,8.0,0.0,2.0,1.0,0.0,1.0,0.0,0.0,0.0,0.5,58.0,60.0,54.0,0.0,0.0,0.0,0.0,0.0,0.0,2.0,120.0,1.0,54.0,1024.0,0.0,2.0,20.0,0.0,0.0,0.0,0.0,0.0,0.0,0.0,0.0
33.0,33.0,2.0,1.0,120.0,54.0,60.0,60.0,60.0,0.0,54.0,54.0,54.0,0.0,5.2727275e+06,90909.09,16.5,16.5,33.0,0.0,0.0,0.0,0.0,0.0,0.0,0.0,0.0,0.0,0.0,0.0,0.0,0.0,0.0,0.0,40.0,20.0,60606.062,30303.031,54.0,60.0,58.0,2.828427,8.0,0.0,2.0,1.0,0.0,1.0,0.0,0.0,0.0,0.5,58.0,60.0,54.0,0.0,0.0,0.0,0.0,0.0,0.0,2.0,120.0,1.0,54.0,1024.0,0.0,2.0,20.0,0.0,0.0,0.0,0.0,0.0,0.0,0.0,0.0
322.0,34.0,2.0,1.0,120.0,54.0,60.0,60.0,60.0,0.0,54.0,54.0,54.0,0.0,5.117647e+06,88235.3,17.0,17.0,34.0,0.0,0.0,0.0,0.0,0.0,0.0,0.0,0.0,0.0,0.0,0.0,0.0,0.0,0.0,0.0,40.0,20.0,58823.53,29411.766,54.0,60.0,58.0,2.828427,8.0,0.0,2.0,1.0,0.0,1.0,0.0,0.0,0.0,0.5,58.0,60.0,54.0,0.0,0.0,0.0,0.0,0.0,0.0,2.0,120.0,1.0,54.0,1024.0,0.0,2.0,20.0,0.0,0.0,0.0,0.0,0.0,0.0,0.0,0.0
342.0,45.0,2.0,1.0,120.0,54.0,60.0,60.0,60.0,0.0,54.0,54.0,54.0,0.0,3.8666668e+06,66666.664,22.5,22.5,45.0,0.0,0.0,0.0,0.0,0.0,0.0,0.0,0.0,0.0,0.0,0.0,0.0,0.0,0.0,0.0,40.0,20.0,44444.445,22222.223,54.0,60.0,58.0,2.828427,8.0,0.0,2.0,1.0,0.0,1.0,0.0,0.0,0.0,0.5,58.0,60.0,54.0,0.0,0.0,0.0,0.0,0.0,0.0,2.0,120.0,1.0,54.0,1024.0,0.0,2.0,20.0,0.0,0.0,0.0,0.0,0.0,0.0,0.0,0.0
180.0,30.0,2.0,1.0,120.0,54.0,60.0,60.0,60.0,0.0,54.0,54.0,54.0,0.0,5.8e+06,100000.0,15.0,15.0,30.0,0.0,0.0,0.0,0.0,0.0,0.0,0.0,0.0,0.0,0.0,0.0,0.0,0.0,0.0,0.0,40.0,20.0,66666.664,33333.332,54.0,60.0,58.0,2.828427,8.0,0.0,2.0,1.0,0.0,1.0,0.0,0.0,0.0,0.5,58.0,60.0,54.0,0.0,0.0,0.0,0.0,0.0,0.0,2.0,120.0,1.0,54.0,1024.0,0.0,2.0,20.0,0.0,0.0,0.0,0.0,0.0,0.0,0.0,0.0
95.0,29.0,2.0,1.0,120.0,54.0,60.0,60.0,60.0,0.0,54.0,54.0,54.0,0.0,6e+06,103448.27,14.5,14.5,29.0,0.0,0.0,0.0,0.0,0.0,0.0,0.0,0.0,0.0,0.0,0.0,0.0,0.0,0.0,0.0,40.0,20.0,68965.516,34482.758,54.0,60.0,58.0,2.828427,8.0,0.0,2.0,1.0,0.0,1.0,0.0,0.0,0.0,0.5,58.0,60.0,54.0,0.0,0.0,0.0,0.0,0.0,0.0,2.0,120.0,1.0,54.0,1024.0,0.0,2.0,20.0,0.0,0.0,0.0,0.0,0.0,0.0,0.0,0.0
192.0,31.0,2.0,1.0,120.0,54.0,60.0,60.0,60.0,0.0,54.0,54.0,54.0,0.0,5.612903e+06,96774.195,15.5,15.5,31.0,0.0,0.0,0.0,0.0,0.0,0.0,0.0,0.0,0.0,0.0,0.0,0.0,0.0,0.0,0.0,40.0,20.0,64516.13,32258.064,54.0,60.0,58.0,2.828427,8.0,0.0,2.0,1.0,0.0,1.0,0.0,0.0,0.0,0.5,58.0,60.0,54.0,0.0,0.0,0.0,0.0,0.0,0.0,2.0,120.0,1.0,54.0,1024.0,0.0,2.0,20.0,0.0,0.0,0.0,0.0,0.0,0.0,0.0,0.0
158.0,31.0,2.0,1.0,120.0,54.0,60.0,60.0,60.0,0.0,54.0,54.0,54.0,0.0,5.612903e+06,96774.195,15.5,15.5,31.0,0.0,0.0,0.0,0.0,0.0,0.0,0.0,0.0,0.0,0.0,0.0,0.0,0.0,0.0,0.0,40.0,20.0,64516.13,32258.064,54.0,60.0,58.0,2.828427,8.0,0.0,2.0,1.0,0.0,1.0,0.0,0.0,0.0,0.5,58.0,60.0,54.0,0.0,0.0,0.0,0.0,0.0,0.0,2.0,120.0,1.0,54.0,1024.0,0.0,2.0,20.0,0.0,0.0,0.0,0.0,0.0,0.0,0.0,0.0
82.0,29.0,2.0,1.0,120.0,54.0,60.0,60.0,60.0,0.0,54.0,54.0,54.0,0.0,6e+06,103448.27,14.5,14.5,29.0,0.0,0.0,0.0,0.0,0.0,0.0,0.0,0.0,0.0,0.0,0.0,0.0,0.0,0.0,0.0,40.0,20.0,68965.516,34482.758,54.0,60.0,58.0,2.828427,8.0,0.0,2.0,1.0,0.0,1.0,0.0,0.0,0.0,0.5,58.0,60.0,54.0,0.0,0.0,0.0,0.0,0.0,0.0,2.0,120.0,1.0,54.0,1024.0,0.0,2.0,20.0,0.0,0.0,0.0,0.0,0.0,0.0,0.0,0.0
399.0,34.0,2.0,1.0,120.0,54.0,60.0,60.0,60.0,0.0,54.0,54.0,54.0,0.0,5.117647e+06,88235.3,17.0,17.0,34.0,0.0,0.0,0.0,0.0,0.0,0.0,0.0,0.0,0.0,0.0,0.0,0.0,0.0,0.0,0.0,40.0,20.0,58823.53,29411.766,54.0,60.0,58.0,2.828427,8.0,0.0,2.0,1.0,0.0,1.0,0.0,0.0,0.0,0.5,58.0,60.0,54.0,0.0,0.0,0.0,0.0,0.0,0.0,2.0,120.0,1.0,54.0,1024.0,0.0,2.0,20.0,0.0,0.0,0.0,0.0,0.0,0.0,0.0,0.0
351.0,30.0,2.0,1.0,120.0,54.0,60.0,60.0,60.0,0.0,54.0,54.0,54.0,0.0,5.8e+06,100000.0,15.0,15.0,30.0,0.0,0.0,0.0,0.0,0.0,0.0,0.0,0.0,0.0,0.0,0.0,0.0,0.0,0.0,0.0,40.0,20.0,66666.664,33333.332,54.0,60.0,58.0,2.828427,8.0,0.0,2.0,1.0,0.0,1.0,0.0,0.0,0.0,0.5,58.0,60.0,54.0,0.0,0.0,0.0,0.0,0.0,0.0,2.0,120.0,1.0,54.0,1024.0,0.0,2.0,20.0,0.0,0.0,0.0,0.0,0.0,0.0,0.0,0.0
215.0,41.0,2.0,1.0,120.0,54.0,60.0,60.0,60.0,0.0,54.0,54.0,54.0,0.0,4.2439025e+06,73170.734,20.5,20.5,41.0,0.0,0.0,0.0,0.0,0.0,0.0,0.0,0.0,0.0,0.0,0.0,0.0,0.0,0.0,0.0,40.0,20.0,48780.49,24390.244,54.0,60.0,58.0,2.828427,8.0,0.0,2.0,1.0,0.0,1.0,0.0,0.0,0.0,0.5,58.0,60.0,54.0,0.0,0.0,0.0,0.0,0.0,0.0,2.0,120.0,1.0,54.0,1024.0,0.0,2.0,20.0,0.0,0.0,0.0,0.0,0.0,0.0,0.0,0.0
8.0,32.0,2.0,1.0,120.0,54.0,60.0,60.0,60.0,0.0,54.0,54.0,54.0,0.0,5.4375e+06,93750.0,16.0,16.0,32.0,0.0,0.0,0.0,0.0,0.0,0.0,0.0,0.0,0.0,0.0,0.0,0.0,0.0,0.0,0.0,40.0,20.0,62500.0,31250.0,54.0,60.0,58.0,2.828427,8.0,0.0,2.0,1.0,0.0,1.0,0.0,0.0,0.0,0.5,58.0,60.0,54.0,0.0,0.0,0.0,0.0,0.0,0.0,2.0,120.0,1.0,54.0,1024.0,0.0,2.0,20.0,0.0,0.0,0.0,0.0,0.0,0.0,0.0,0.0
328.0,48.0,2.0,1.0,120.0,54.0,60.0,60.0,60.0,0.0,54.0,54.0,54.0,0.0,3.625e+06,62500.0,24.0,24.0,48.0,0.0,0.0,0.0,0.0,0.0,0.0,0.0,0.0,0.0,0.0,0.0,0.0,0.0,0.0,0.0,40.0,20.0,41666.668,20833.334,54.0,60.0,58.0,2.828427,8.0,0.0,2.0,1.0,0.0,1.0,0.0,0.0,0.0,0.5,58.0,60.0,54.0,0.0,0.0,0.0,0.0,0.0,0.0,2.0,120.0,1.0,54.0,1024.0,0.0,2.0,20.0,0.0,0.0,0.0,0.0,0.0,0.0,0.0,0.0
245.0,34.0,2.0,1.0,120.0,54.0,60.0,60.0,60.0,0.0,54.0,54.0,54.0,0.0,5.117647e+06,88235.3,17.0,17.0,34.0,0.0,0.0,0.0,0.0,0.0,0.0,0.0,0.0,0.0,0.0,0.0,0.0,0.0,0.0,0.0,40.0,20.0,58823.53,29411.766,54.0,60.0,58.0,2.828427,8.0,0.0,2.0,1.0,0.0,1.0,0.0,0.0,0.0,0.5,58.0,60.0,54.0,0.0,0.0,0.0,0.0,0.0,0.0,2.0,120.0,1.0,54.0,1024.0,0.0,2.0,20.0,0.0,0.0,0.0,0.0,0.0,0.0,0.0,0.0
461.0,31.0,2.0,1.0,120.0,54.0,60.0,60.0,60.0,0.0,54.0,54.0,54.0,0.0,5.612903e+06,96774.195,15.5,15.5,31.0,0.0,0.0,0.0,0.0,0.0,0.0,0.0,0.0,0.0,0.0,0.0,0.0,0.0,0.0,0.0,40.0,20.0,64516.13,32258.064,54.0,60.0,58.0,2.828427,8.0,0.0,2.0,1.0,0.0,1.0,0.0,0.0,0.0,0.5,58.0,60.0,54.0,0.0,0.0,0.0,0.0,0.0,0.0,2.0,120.0,1.0,54.0,1024.0,0.0,2.0,20.0,0.0,0.0,0.0,0.0,0.0,0.0,0.0,0.0
395.0,37.0,2.0,1.0,120.0,54.0,60.0,60.0,60.0,0.0,54.0,54.0,54.0,0.0,4.7027025e+06,81081.08,18.5,18.5,37.0,0.0,0.0,0.0,0.0,0.0,0.0,0.0,0.0,0.0,0.0,0.0,0.0,0.0,0.0,0.0,40.0,20.0,54054.055,27027.027,54.0,60.0,58.0,2.828427,8.0,0.0,2.0,1.0,0.0,1.0,0.0,0.0,0.0,0.5,58.0,60.0,54.0,0.0,0.0,0.0,0.0,0.0,0.0,2.0,120.0,1.0,54.0,1024.0,0.0,2.0,20.0,0.0,0.0,0.0,0.0,0.0,0.0,0.0,0.0
362.0,34.0,2.0,1.0,120.0,54.0,60.0,60.0,60.0,0.0,54.0,54.0,54.0,0.0,5.117647e+06,88235.3,17.0,17.0,34.0,0.0,0.0,0.0,0.0,0.0,0.0,0.0,0.0,0.0,0.0,0.0,0.0,0.0,0.0,0.0,40.0,20.0,58823.53,29411.766,54.0,60.0,58.0,2.828427,8.0,0.0,2.0,1.0,0.0,1.0,0.0,0.0,0.0,0.5,58.0,60.0,54.0,0.0,0.0,0.0,0.0,0.0,0.0,2.0,120.0,1.0,54.0,1024.0,0.0,2.0,20.0,0.0,0.0,0.0,0.0,0.0,0.0,0.0,0.0
463.0,38.0,2.0,1.0,120.0,54.0,60.0,60.0,60.0,0.0,54.0,54.0,54.0,0.0,4.5789475e+06,78947.37,19.0,19.0,38.0,0.0,0.0,0.0,0.0,0.0,0.0,0.0,0.0,0.0,0.0,0.0,0.0,0.0,0.0,0.0,40.0,20.0,52631.58,26315.79,54.0,60.0,58.0,2.828427,8.0,0.0,2.0,1.0,0.0,1.0,0.0,0.0,0.0,0.5,58.0,60.0,54.0,0.0,0.0,0.0,0.0,0.0,0.0,2.0,120.0,1.0,54.0,1024.0,0.0,2.0,20.0,0.0,0.0,0.0,0.0,0.0,0.0,0.0,0.0
393.0,35.0,2.0,1.0,120.0,54.0,60.0,60.0,60.0,0.0,54.0,54.0,54.0,0.0,4.9714285e+06,85714.29,17.5,17.5,35.0,0.0,0.0,0.0,0.0,0.0,0.0,0.0,0.0,0.0,0.0,0.0,0.0,0.0,0.0,0.0,40.0,20.0,57142.855,28571.428,54.0,60.0,58.0,2.828427,8.0,0.0,2.0,1.0,0.0,1.0,0.0,0.0,0.0,0.5,58.0,60.0,54.0,0.0,0.0,0.0,0.0,0.0,0.0,2.0,120.0,1.0,54.0,1024.0,0.0,2.0,20.0,0.0,0.0,0.0,0.0,0.0,0.0,0.0,0.0
307.0,36.0,2.0,1.0,120.0,54.0,60.0,60.0,60.0,0.0,54.0,54.0,54.0,0.0,4.8333335e+06,83333.336,18.0,18.0,36.0,0.0,0.0,0.0,0.0,0.0,0.0,0.0,0.0,0.0,0.0,0.0,0.0,0.0,0.0,0.0,40.0,20.0,55555.555,27777.777,54.0,60.0,58.0,2.828427,8.0,0.0,2.0,1.0,0.0,1.0,0.0,0.0,0.0,0.5,58.0,60.0,54.0,0.0,0.0,0.0,0.0,0.0,0.0,2.0,120.0,1.0,54.0,1024.0,0.0,2.0,20.0,0.0,0.0,0.0,0.0,0.0,0.0,0.0,0.0
479.0,36.0,2.0,1.0,120.0,54.0,60.0,60.0,60.0,0.0,54.0,54.0,54.0,0.0,4.8333335e+06,83333.336,18.0,18.0,36.0,0.0,0.0,0.0,0.0,0.0,0.0,0.0,0.0,0.0,0.0,0.0,0.0,0.0,0.0,0.0,40.0,20.0,55555.555,27777.777,54.0,60.0,58.0,2.828427,8.0,0.0,2.0,1.0,0.0,1.0,0.0,0.0,0.0,0.5,58.0,60.0,54.0,0.0,0.0,0.0,0.0,0.0,0.0,2.0,120.0,1.0,54.0,1024.0,0.0,2.0,20.0,0.0,0.0,0.0,0.0,0.0,0.0,0.0,0.0
272.0,34.0,2.0,1.0,120.0,54.0,60.0,60.0,60.0,0.0,54.0,54.0,54.0,0.0,5.117647e+06,88235.3,17.0,17.0,34.0,0.0,0.0,0.0,0.0,0.0,0.0,0.0,0.0,0.0,0.0,0.0,0.0,0.0,0.0,0.0,40.0,20.0,58823.53,29411.766,54.0,60.0,58.0,2.828427,8.0,0.0,2.0,1.0,0.0,1.0,0.0,0.0,0.0,0.5,58.0,60.0,54.0,0.0,0.0,0.0,0.0,0.0,0.0,2.0,120.0,1.0,54.0,1024.0,0.0,2.0,20.0,0.0,0.0,0.0,0.0,0.0,0.0,0.0,0.0
289.0,35.0,2.0,1.0,120.0,54.0,60.0,60.0,60.0,0.0,54.0,54.0,54.0,0.0,4.9714285e+06,85714.29,17.5,17.5,35.0,0.0,0.0,0.0,0.0,0.0,0.0,0.0,0.0,0.0,0.0,0.0,0.0,0.0,0.0,0.0,40.0,20.0,57142.855,28571.428,54.0,60.0,58.0,2.828427,8.0,0.0,2.0,1.0,0.0,1.0,0.0,0.0,0.0,0.5,58.0,60.0,54.0,0.0,0.0,0.0,0.0,0.0,0.0,2.0,120.0,1.0,54.0,1024.0,0.0,2.0,20.0,0.0,0.0,0.0,0.0,0.0,0.0,0.0,0.0
157.0,122.0,2.0,1.0,120.0,54.0,60.0,60.0,60.0,0.0,54.0,54.0,54.0,0.0,1.4262295e+06,24590.164,61.0,61.0,122.0,0.0,0.0,0.0,0.0,0.0,0.0,0.0,0.0,0.0,0.0,0.0,0.0,0.0,0.0,0.0,40.0,20.0,16393.443,8196.722,54.0,60.0,58.0,2.828427,8.0,0.0,2.0,1.0,0.0,1.0,0.0,0.0,0.0,0.5,58.0,60.0,54.0,0.0,0.0,0.0,0.0,0.0,0.0,2.0,120.0,1.0,54.0,1024.0,0.0,2.0,20.0,0.0,0.0,0.0,0.0,0.0,0.0,0.0,0.0
392.0,36.0,2.0,1.0,120.0,54.0,60.0,60.0,60.0,0.0,54.0,54.0,54.0,0.0,4.8333335e+06,83333.336,18.0,18.0,36.0,0.0,0.0,0.0,0.0,0.0,0.0,0.0,0.0,0.0,0.0,0.0,0.0,0.0,0.0,0.0,40.0,20.0,55555.555,27777.777,54.0,60.0,58.0,2.828427,8.0,0.0,2.0,1.0,0.0,1.0,0.0,0.0,0.0,0.5,58.0,60.0,54.0,0.0,0.0,0.0,0.0,0.0,0.0,2.0,120.0,1.0,54.0,1024.0,0.0,2.0,20.0,0.0,0.0,0.0,0.0,0.0,0.0,0.0,0.0
118.0,46.0,2.0,1.0,120.0,54.0,60.0,60.0,60.0,0.0,54.0,54.0,54.0,0.0,3.7826088e+06,65217.39,23.0,23.0,46.0,0.0,0.0,0.0,0.0,0.0,0.0,0.0,0.0,0.0,0.0,0.0,0.0,0.0,0.0,0.0,40.0,20.0,43478.26,21739.13,54.0,60.0,58.0,2.828427,8.0,0.0,2.0,1.0,0.0,1.0,0.0,0.0,0.0,0.5,58.0,60.0,54.0,0.0,0.0,0.0,0.0,0.0,0.0,2.0,120.0,1.0,54.0,1024.0,0.0,2.0,20.0,0.0,0.0,0.0,0.0,0.0,0.0,0.0,0.0
299.0,30.0,2.0,1.0,120.0,54.0,60.0,60.0,60.0,0.0,54.0,54.0,54.0,0.0,5.8e+06,100000.0,15.0,15.0,30.0,0.0,0.0,0.0,0.0,0.0,0.0,0.0,0.0,0.0,0.0,0.0,0.0,0.0,0.0,0.0,40.0,20.0,66666.664,33333.332,54.0,60.0,58.0,2.828427,8.0,0.0,2.0,1.0,0.0,1.0,0.0,0.0,0.0,0.5,58.0,60.0,54.0,0.0,0.0,0.0,0.0,0.0,0.0,2.0,120.0,1.0,54.0,1024.0,0.0,2.0,20.0,0.0,0.0,0.0,0.0,0.0,0.0,0.0,0.0
129.0,30.0,2.0,1.0,120.0,54.0,60.0,60.0,60.0,0.0,54.0,54.0,54.0,0.0,5.8e+06,100000.0,15.0,15.0,30.0,0.0,0.0,0.0,0.0,0.0,0.0,0.0,0.0,0.0,0.0,0.0,0.0,0.0,0.0,0.0,40.0,20.0,66666.664,33333.332,54.0,60.0,58.0,2.828427,8.0,0.0,2.0,1.0,0.0,1.0,0.0,0.0,0.0,0.5,58.0,60.0,54.0,0.0,0.0,0.0,0.0,0.0,0.0,2.0,120.0,1.0,54.0,1024.0,0.0,2.0,20.0,0.0,0.0,0.0,0.0,0.0,0.0,0.0,0.0
48.0,38.0,2.0,1.0,120.0,54.0,60.0,60.0,60.0,0.0,54.0,54.0,54.0,0.0,4.5789475e+06,78947.37,19.0,19.0,38.0,0.0,0.0,0.0,0.0,0.0,0.0,0.0,0.0,0.0,0.0,0.0,0.0,0.0,0.0,0.0,40.0,20.0,52631.58,26315.79,54.0,60.0,58.0,2.828427,8.0,0.0,2.0,1.0,0.0,1.0,0.0,0.0,0.0,0.5,58.0,60.0,54.0,0.0,0.0,0.0,0.0,0.0,0.0,2.0,120.0,1.0,54.0,1024.0,0.0,2.0,20.0,0.0,0.0,0.0,0.0,0.0,0.0,0.0,0.0
147.0,36.0,2.0,1.0,120.0,54.0,60.0,60.0,60.0,0.0,54.0,54.0,54.0,0.0,4.8333335e+06,83333.336,18.0,18.0,36.0,0.0,0.0,0.0,0.0,0.0,0.0,0.0,0.0,0.0,0.0,0.0,0.0,0.0,0.0,0.0,40.0,20.0,55555.555,27777.777,54.0,60.0,58.0,2.828427,8.0,0.0,2.0,1.0,0.0,1.0,0.0,0.0,0.0,0.5,58.0,60.0,54.0,0.0,0.0,0.0,0.0,0.0,0.0,2.0,120.0,1.0,54.0,1024.0,0.0,2.0,20.0,0.0,0.0,0.0,0.0,0.0,0.0,0.0,0.0
333.0,47.0,2.0,1.0,120.0,54.0,60.0,60.0,60.0,0.0,54.0,54.0,54.0,0.0,3.7021278e+06,63829.79,23.5,23.5,47.0,0.0,0.0,0.0,0.0,0.0,0.0,0.0,0.0,0.0,0.0,0.0,0.0,0.0,0.0,0.0,40.0,20.0,42553.19,21276.596,54.0,60.0,58.0,2.828427,8.0,0.0,2.0,1.0,0.0,1.0,0.0,0.0,0.0,0.5,58.0,60.0,54.0,0.0,0.0,0.0,0.0,0.0,0.0,2.0,120.0,1.0,54.0,1024.0,0.0,2.0,20.0,0.0,0.0,0.0,0.0,0.0,0.0,0.0,0.0
377.0,30.0,2.0,1.0,120.0,54.0,60.0,60.0,60.0,0.0,54.0,54.0,54.0,0.0,5.8e+06,100000.0,15.0,15.0,30.0,0.0,0.0,0.0,0.0,0.0,0.0,0.0,0.0,0.0,0.0,0.0,0.0,0.0,0.0,0.0,40.0,20.0,66666.664,33333.332,54.0,60.0,58.0,2.828427,8.0,0.0,2.0,1.0,0.0,1.0,0.0,0.0,0.0,0.5,58.0,60.0,54.0,0.0,0.0,0.0,0.0,0.0,0.0,2.0,120.0,1.0,54.0,1024.0,0.0,2.0,20.0,0.0,0.0,0.0,0.0,0.0,0.0,0.0,0.0
92.0,36.0,2.0,1.0,120.0,54.0,60.0,60.0,60.0,0.0,54.0,54.0,54.0,0.0,4.8333335e+06,83333.336,18.0,18.0,36.0,0.0,0.0,0.0,0.0,0.0,0.0,0.0,0.0,0.0,0.0,0.0,0.0,0.0,0.0,0.0,40.0,20.0,55555.555,27777.777,54.0,60.0,58.0,2.828427,8.0,0.0,2.0,1.0,0.0,1.0,0.0,0.0,0.0,0.5,58.0,60.0,54.0,0.0,0.0,0.0,0.0,0.0,0.0,2.0,120.0,1.0,54.0,1024.0,0.0,2.0,20.0,0.0,0.0,0.0,0.0,0.0,0.0,0.0,0.0
115.0,36.0,2.0,1.0,120.0,54.0,60.0,60.0,60.0,0.0,54.0,54.0,54.0,0.0,4.8333335e+06,83333.336,18.0,18.0,36.0,0.0,0.0,0.0,0.0,0.0,0.0,0.0,0.0,0.0,0.0,0.0,0.0,0.0,0.0,0.0,40.0,20.0,55555.555,27777.777,54.0,60.0,58.0,2.828427,8.0,0.0,2.0,1.0,0.0,1.0,0.0,0.0,0.0,0.5,58.0,60.0,54.0,0.0,0.0,0.0,0.0,0.0,0.0,2.0,120.0,1.0,54.0,1024.0,0.0,2.0,20.0,0.0,0.0,0.0,0.0,0.0,0.0,0.0,0.0
90.0,37.0,2.0,1.0,120.0,54.0,60.0,60.0,60.0,0.0,54.0,54.0,54.0,0.0,4.7027025e+06,81081.08,18.5,18.5,37.0,0.0,0.0,0.0,0.0,0.0,0.0,0.0,0.0,0.0,0.0,0.0,0.0,0.0,0.0,0.0,40.0,20.0,54054.055,27027.027,54.0,60.0,58.0,2.828427,8.0,0.0,2.0,1.0,0.0,1.0,0.0,0.0,0.0,0.5,58.0,60.0,54.0,0.0,0.0,0.0,0.0,0.0,0.0,2.0,120.0,1.0,54.0,1024.0,0.0,2.0,20.0,0.0,0.0,0.0,0.0,0.0,0.0,0.0,0.0
433.0,29.0,2.0,1.0,120.0,54.0,60.0,60.0,60.0,0.0,54.0,54.0,54.0,0.0,6e+06,103448.27,14.5,14.5,29.0,0.0,0.0,0.0,0.0,0.0,0.0,0.0,0.0,0.0,0.0,0.0,0.0,0.0,0.0,0.0,40.0,20.0,68965.516,34482.758,54.0,60.0,58.0,2.828427,8.0,0.0,2.0,1.0,0.0,1.0,0.0,0.0,0.0,0.5,58.0,60.0,54.0,0.0,0.0,0.0,0.0,0.0,0.0,2.0,120.0,1.0,54.0,1024.0,0.0,2.0,20.0,0.0,0.0,0.0,0.0,0.0,0.0,0.0,0.0
210.0,29.0,2.0,1.0,120.0,54.0,60.0,60.0,60.0,0.0,54.0,54.0,54.0,0.0,6e+06,103448.27,14.5,14.5,29.0,0.0,0.0,0.0,0.0,0.0,0.0,0.0,0.0,0.0,0.0,0.0,0.0,0.0,0.0,0.0,40.0,20.0,68965.516,34482.758,54.0,60.0,58.0,2.828427,8.0,0.0,2.0,1.0,0.0,1.0,0.0,0.0,0.0,0.5,58.0,60.0,54.0,0.0,0.0,0.0,0.0,0.0,0.0,2.0,120.0,1.0,54.0,1024.0,0.0,2.0,20.0,0.0,0.0,0.0,0.0,0.0,0.0,0.0,0.0
197.0,44.0,2.0,1.0,120.0,54.0,60.0,60.0,60.0,0.0,54.0,54.0,54.0,0.0,3.9545455e+06,68181.82,22.0,22.0,44.0,0.0,0.0,0.0,0.0,0.0,0.0,0.0,0.0,0.0,0.0,0.0,0.0,0.0,0.0,0.0,40.0,20.0,45454.547,22727.273,54.0,60.0,58.0,2.828427,8.0,0.0,2.0,1.0,0.0,1.0,0.0,0.0,0.0,0.5,58.0,60.0,54.0,0.0,0.0,0.0,0.0,0.0,0.0,2.0,120.0,1.0,54.0,1024.0,0.0,2.0,20.0,0.0,0.0,0.0,0.0,0.0,0.0,0.0,0.0
472.0,36.0,2.0,1.0,120.0,54.0,60.0,60.0,60.0,0.0,54.0,54.0,54.0,0.0,4.8333335e+06,83333.336,18.0,18.0,36.0,0.0,0.0,0.0,0.0,0.0,0.0,0.0,0.0,0.0,0.0,0.0,0.0,0.0,0.0,0.0,40.0,20.0,55555.555,27777.777,54.0,60.0,58.0,2.828427,8.0,0.0,2.0,1.0,0.0,1.0,0.0,0.0,0.0,0.5,58.0,60.0,54.0,0.0,0.0,0.0,0.0,0.0,0.0,2.0,120.0,1.0,54.0,1024.0,0.0,2.0,20.0,0.0,0.0,0.0,0.0,0.0,0.0,0.0,0.0
315.0,30.0,2.0,1.0,120.0,54.0,60.0,60.0,60.0,0.0,54.0,54.0,54.0,0.0,5.8e+06,100000.0,15.0,15.0,30.0,0.0,0.0,0.0,0.0,0.0,0.0,0.0,0.0,0.0,0.0,0.0,0.0,0.0,0.0,0.0,40.0,20.0,66666.664,33333.332,54.0,60.0,58.0,2.828427,8.0,0.0,2.0,1.0,0.0,1.0,0.0,0.0,0.0,0.5,58.0,60.0,54.0,0.0,0.0,0.0,0.0,0.0,0.0,2.0,120.0,1.0,54.0,1024.0,0.0,2.0,20.0,0.0,0.0,0.0,0.0,0.0,0.0,0.0,0.0
382.0,36.0,2.0,1.0,120.0,54.0,60.0,60.0,60.0,0.0,54.0,54.0,54.0,0.0,4.8333335e+06,83333.336,18.0,18.0,36.0,0.0,0.0,0.0,0.0,0.0,0.0,0.0,0.0,0.0,0.0,0.0,0.0,0.0,0.0,0.0,40.0,20.0,55555.555,27777.777,54.0,60.0,58.0,2.828427,8.0,0.0,2.0,1.0,0.0,1.0,0.0,0.0,0.0,0.5,58.0,60.0,54.0,0.0,0.0,0.0,0.0,0.0,0.0,2.0,120.0,1.0,54.0,1024.0,0.0,2.0,20.0,0.0,0.0,0.0,0.0,0.0,0.0,0.0,0.0
352.0,30.0,2.0,1.0,120.0,54.0,60.0,60.0,60.0,0.0,54.0,54.0,54.0,0.0,5.8e+06,100000.0,15.0,15.0,30.0,0.0,0.0,0.0,0.0,0.0,0.0,0.0,0.0,0.0,0.0,0.0,0.0,0.0,0.0,0.0,40.0,20.0,66666.664,33333.332,54.0,60.0,58.0,2.828427,8.0,0.0,2.0,1.0,0.0,1.0,0.0,0.0,0.0,0.5,58.0,60.0,54.0,0.0,0.0,0.0,0.0,0.0,0.0,2.0,120.0,1.0,54.0,1024.0,0.0,2.0,20.0,0.0,0.0,0.0,0.0,0.0,0.0,0.0,0.0
437.0,101.0,2.0,1.0,120.0,54.0,60.0,60.0,60.0,0.0,54.0,54.0,54.0,0.0,1.7227722e+06,29702.97,50.5,50.5,101.0,0.0,0.0,0.0,0.0,0.0,0.0,0.0,0.0,0.0,0.0,0.0,0.0,0.0,0.0,0.0,40.0,20.0,19801.98,9900.99,54.0,60.0,58.0,2.828427,8.0,0.0,2.0,1.0,0.0,1.0,0.0,0.0,0.0,0.5,58.0,60.0,54.0,0.0,0.0,0.0,0.0,0.0,0.0,2.0,120.0,1.0,54.0,1024.0,0.0,2.0,20.0,0.0,0.0,0.0,0.0,0.0,0.0,0.0,0.0
132.0,40.0,2.0,1.0,120.0,54.0,60.0,60.0,60.0,0.0,54.0,54.0,54.0,0.0,4.35e+06,75000.0,20.0,20.0,40.0,0.0,0.0,0.0,0.0,0.0,0.0,0.0,0.0,0.0,0.0,0.0,0.0,0.0,0.0,0.0,40.0,20.0,50000.0,25000.0,54.0,60.0,58.0,2.828427,8.0,0.0,2.0,1.0,0.0,1.0,0.0,0.0,0.0,0.5,58.0,60.0,54.0,0.0,0.0,0.0,0.0,0.0,0.0,2.0,120.0,1.0,54.0,1024.0,0.0,2.0,20.0,0.0,0.0,0.0,0.0,0.0,0.0,0.0,0.0
203.0,29.0,2.0,1.0,120.0,54.0,60.0,60.0,60.0,0.0,54.0,54.0,54.0,0.0,6e+06,103448.27,14.5,14.5,29.0,0.0,0.0,0.0,0.0,0.0,0.0,0.0,0.0,0.0,0.0,0.0,0.0,0.0,0.0,0.0,40.0,20.0,68965.516,34482.758,54.0,60.0,58.0,2.828427,8.0,0.0,2.0,1.0,0.0,1.0,0.0,0.0,0.0,0.5,58.0,60.0,54.0,0.0,0.0,0.0,0.0,0.0,0.0,2.0,120.0,1.0,54.0,1024.0,0.0,2.0,20.0,0.0,0.0,0.0,0.0,0.0,0.0,0.0,0.0
239.0,45.0,2.0,1.0,120.0,54.0,60.0,60.0,60.0,0.0,54.0,54.0,54.0,0.0,3.8666668e+06,66666.664,22.5,22.5,45.0,0.0,0.0,0.0,0.0,0.0,0.0,0.0,0.0,0.0,0.0,0.0,0.0,0.0,0.0,0.0,40.0,20.0,44444.445,22222.223,54.0,60.0,58.0,2.828427,8.0,0.0,2.0,1.0,0.0,1.0,0.0,0.0,0.0,0.5,58.0,60.0,54.0,0.0,0.0,0.0,0.0,0.0,0.0,2.0,120.0,1.0,54.0,1024.0,0.0,2.0,20.0,0.0,0.0,0.0,0.0,0.0,0.0,0.0,0.0
426.0,30.0,2.0,1.0,120.0,54.0,60.0,60.0,60.0,0.0,54.0,54.0,54.0,0.0,5.8e+06,100000.0,15.0,15.0,30.0,0.0,0.0,0.0,0.0,0.0,0.0,0.0,0.0,0.0,0.0,0.0,0.0,0.0,0.0,0.0,40.0,20.0,66666.664,33333.332,54.0,60.0,58.0,2.828427,8.0,0.0,2.0,1.0,0.0,1.0,0.0,0.0,0.0,0.5,58.0,60.0,54.0,0.0,0.0,0.0,0.0,0.0,0.0,2.0,120.0,1.0,54.0,1024.0,0.0,2.0,20.0,0.0,0.0,0.0,0.0,0.0,0.0,0.0,0.0
317.0,29.0,2.0,1.0,120.0,54.0,60.0,60.0,60.0,0.0,54.0,54.0,54.0,0.0,6e+06,103448.27,14.5,14.5,29.0,0.0,0.0,0.0,0.0,0.0,0.0,0.0,0.0,0.0,0.0,0.0,0.0,0.0,0.0,0.0,40.0,20.0,68965.516,34482.758,54.0,60.0,58.0,2.828427,8.0,0.0,2.0,1.0,0.0,1.0,0.0,0.0,0.0,0.5,58.0,60.0,54.0,0.0,0.0,0.0,0.0,0.0,0.0,2.0,120.0,1.0,54.0,1024.0,0.0,2.0,20.0,0.0,0.0,0.0,0.0,0.0,0.0,0.0,0.0
58.0,30.0,2.0,1.0,120.0,54.0,60.0,60.0,60.0,0.0,54.0,54.0,54.0,0.0,5.8e+06,100000.0,15.0,15.0,30.0,0.0,0.0,0.0,0.0,0.0,0.0,0.0,0.0,0.0,0.0,0.0,0.0,0.0,0.0,0.0,40.0,20.0,66666.664,33333.332,54.0,60.0,58.0,2.828427,8.0,0.0,2.0,1.0,0.0,1.0,0.0,0.0,0.0,0.5,58.0,60.0,54.0,0.0,0.0,0.0,0.0,0.0,0.0,2.0,120.0,1.0,54.0,1024.0,0.0,2.0,20.0,0.0,0.0,0.0,0.0,0.0,0.0,0.0,0.0
13.0,36.0,2.0,1.0,120.0,54.0,60.0,60.0,60.0,0.0,54.0,54.0,54.0,0.0,4.8333335e+06,83333.336,18.0,18.0,36.0,0.0,0.0,0.0,0.0,0.0,0.0,0.0,0.0,0.0,0.0,0.0,0.0,0.0,0.0,0.0,40.0,20.0,55555.555,27777.777,54.0,60.0,58.0,2.828427,8.0,0.0,2.0,1.0,0.0,1.0,0.0,0.0,0.0,0.5,58.0,60.0,54.0,0.0,0.0,0.0,0.0,0.0,0.0,2.0,120.0,1.0,54.0,1024.0,0.0,2.0,20.0,0.0,0.0,0.0,0.0,0.0,0.0,0.0,0.0
373.0,28.0,2.0,1.0,120.0,54.0,60.0,60.0,60.0,0.0,54.0,54.0,54.0,0.0,6.2142855e+06,107142.86,14.0,14.0,28.0,0.0,0.0,0.0,0.0,0.0,0.0,0.0,0.0,0.0,0.0,0.0,0.0,0.0,0.0,0.0,40.0,20.0,71428.57,35714.285,54.0,60.0,58.0,2.828427,8.0,0.0,2.0,1.0,0.0,1.0,0.0,0.0,0.0,0.5,58.0,60.0,54.0,0.0,0.0,0.0,0.0,0.0,0.0,2.0,120.0,1.0,54.0,1024.0,0.0,2.0,20.0,0.0,0.0,0.0,0.0,0.0,0.0,0.0,0.0
167.0,29.0,2.0,1.0,120.0,54.0,60.0,60.0,60.0,0.0,54.0,54.0,54.0,0.0,6e+06,103448.27,14.5,14.5,29.0,0.0,0.0,0.0,0.0,0.0,0.0,0.0,0.0,0.0,0.0,0.0,0.0,0.0,0.0,0.0,40.0,20.0,68965.516,34482.758,54.0,60.0,58.0,2.828427,8.0,0.0,2.0,1.0,0.0,1.0,0.0,0.0,0.0,0.5,58.0,60.0,54.0,0.0,0.0,0.0,0.0,0.0,0.0,2.0,120.0,1.0,54.0,1024.0,0.0,2.0,20.0,0.0,0.0,0.0,0.0,0.0,0.0,0.0,0.0
295.0,28.0,2.0,1.0,120.0,54.0,60.0,60.0,60.0,0.0,54.0,54.0,54.0,0.0,6.2142855e+06,107142.86,14.0,14.0,28.0,0.0,0.0,0.0,0.0,0.0,0.0,0.0,0.0,0.0,0.0,0.0,0.0,0.0,0.0,0.0,40.0,20.0,71428.57,35714.285,54.0,60.0,58.0,2.828427,8.0,0.0,2.0,1.0,0.0,1.0,0.0,0.0,0.0,0.5,58.0,60.0,54.0,0.0,0.0,0.0,0.0,0.0,0.0,2.0,120.0,1.0,54.0,1024.0,0.0,2.0,20.0,0.0,0.0,0.0,0.0,0.0,0.0,0.0,0.0
75.0,97.0,2.0,1.0,120.0,54.0,60.0,60.0,60.0,0.0,54.0,54.0,54.0,0.0,1.7938144e+06,30927.836,48.5,48.5,97.0,0.0,0.0,0.0,0.0,0.0,0.0,0.0,0.0,0.0,0.0,0.0,0.0,0.0,0.0,0.0,40.0,20.0,20618.557,10309.278,54.0,60.0,58.0,2.828427,8.0,0.0,2.0,1.0,0.0,1.0,0.0,0.0,0.0,0.5,58.0,60.0,54.0,0.0,0.0,0.0,0.0,0.0,0.0,2.0,120.0,1.0,54.0,1024.0,0.0,2.0,20.0,0.0,0.0,0.0,0.0,0.0,0.0,0.0,0.0
94.0,30.0,2.0,1.0,120.0,54.0,60.0,60.0,60.0,0.0,54.0,54.0,54.0,0.0,5.8e+06,100000.0,15.0,15.0,30.0,0.0,0.0,0.0,0.0,0.0,0.0,0.0,0.0,0.0,0.0,0.0,0.0,0.0,0.0,0.0,40.0,20.0,66666.664,33333.332,54.0,60.0,58.0,2.828427,8.0,0.0,2.0,1.0,0.0,1.0,0.0,0.0,0.0,0.5,58.0,60.0,54.0,0.0,0.0,0.0,0.0,0.0,0.0,2.0,120.0,1.0,54.0,1024.0,0.0,2.0,20.0,0.0,0.0,0.0,0.0,0.0,0.0,0.0,0.0
444.0,29.0,2.0,1.0,120.0,54.0,60.0,60.0,60.0,0.0,54.0,54.0,54.0,0.0,6e+06,103448.27,14.5,14.5,29.0,0.0,0.0,0.0,0.0,0.0,0.0,0.0,0.0,0.0,0.0,0.0,0.0,0.0,0.0,0.0,40.0,20.0,68965.516,34482.758,54.0,60.0,58.0,2.828427,8.0,0.0,2.0,1.0,0.0,1.0,0.0,0.0,0.0,0.5,58.0,60.0,54.0,0.0,0.0,0.0,0.0,0.0,0.0,2.0,120.0,1.0,54.0,1024.0,0.0,2.0,20.0,0.0,0.0,0.0,0.0,0.0,0.0,0.0,0.0
343.0,30.0,2.0,1.0,120.0,54.0,60.0,60.0,60.0,0.0,54.0,54.0,54.0,0.0,5.8e+06,100000.0,15.0,15.0,30.0,0.0,0.0,0.0,0.0,0.0,0.0,0.0,0.0,0.0,0.0,0.0,0.0,0.0,0.0,0.0,40.0,20.0,66666.664,33333.332,54.0,60.0,58.0,2.828427,8.0,0.0,2.0,1.0,0.0,1.0,0.0,0.0,0.0,0.5,58.0,60.0,54.0,0.0,0.0,0.0,0.0,0.0,0.0,2.0,120.0,1.0,54.0,1024.0,0.0,2.0,20.0,0.0,0.0,0.0,0.0,0.0,0.0,0.0,0.0
303.0,38.0,2.0,1.0,120.0,54.0,60.0,60.0,60.0,0.0,54.0,54.0,54.0,0.0,4.5789475e+06,78947.37,19.0,19.0,38.0,0.0,0.0,0.0,0.0,0.0,0.0,0.0,0.0,0.0,0.0,0.0,0.0,0.0,0.0,0.0,40.0,20.0,52631.58,26315.79,54.0,60.0,58.0,2.828427,8.0,0.0,2.0,1.0,0.0,1.0,0.0,0.0,0.0,0.5,58.0,60.0,54.0,0.0,0.0,0.0,0.0,0.0,0.0,2.0,120.0,1.0,54.0,1024.0,0.0,2.0,20.0,0.0,0.0,0.0,0.0,0.0,0.0,0.0,0.0
353.0,38.0,2.0,1.0,120.0,54.0,60.0,60.0,60.0,0.0,54.0,54.0,54.0,0.0,4.5789475e+06,78947.37,19.0,19.0,38.0,0.0,0.0,0.0,0.0,0.0,0.0,0.0,0.0,0.0,0.0,0.0,0.0,0.0,0.0,0.0,40.0,20.0,52631.58,26315.79,54.0,60.0,58.0,2.828427,8.0,0.0,2.0,1.0,0.0,1.0,0.0,0.0,0.0,0.5,58.0,60.0,54.0,0.0,0.0,0.0,0.0,0.0,0.0,2.0,120.0,1.0,54.0,1024.0,0.0,2.0,20.0,0.0,0.0,0.0,0.0,0.0,0.0,0.0,0.0
470.0,48.0,2.0,1.0,120.0,54.0,60.0,60.0,60.0,0.0,54.0,54.0,54.0,0.0,3.625e+06,62500.0,24.0,24.0,48.0,0.0,0.0,0.0,0.0,0.0,0.0,0.0,0.0,0.0,0.0,0.0,0.0,0.0,0.0,0.0,40.0,20.0,41666.668,20833.334,54.0,60.0,58.0,2.828427,8.0,0.0,2.0,1.0,0.0,1.0,0.0,0.0,0.0,0.5,58.0,60.0,54.0,0.0,0.0,0.0,0.0,0.0,0.0,2.0,120.0,1.0,54.0,1024.0,0.0,2.0,20.0,0.0,0.0,0.0,0.0,0.0,0.0,0.0,0.0
410.0,37.0,2.0,1.0,120.0,54.0,60.0,60.0,60.0,0.0,54.0,54.0,54.0,0.0,4.7027025e+06,81081.08,18.5,18.5,37.0,0.0,0.0,0.0,0.0,0.0,0.0,0.0,0.0,0.0,0.0,0.0,0.0,0.0,0.0,0.0,40.0,20.0,54054.055,27027.027,54.0,60.0,58.0,2.828427,8.0,0.0,2.0,1.0,0.0,1.0,0.0,0.0,0.0,0.5,58.0,60.0,54.0,0.0,0.0,0.0,0.0,0.0,0.0,2.0,120.0,1.0,54.0,1024.0,0.0,2.0,20.0,0.0,0.0,0.0,0.0,0.0,0.0,0.0,0.0
248.0,30.0,2.0,1.0,120.0,54.0,60.0,60.0,60.0,0.0,54.0,54.0,54.0,0.0,5.8e+06,100000.0,15.0,15.0,30.0,0.0,0.0,0.0,0.0,0.0,0.0,0.0,0.0,0.0,0.0,0.0,0.0,0.0,0.0,0.0,40.0,20.0,66666.664,33333.332,54.0,60.0,58.0,2.828427,8.0,0.0,2.0,1.0,0.0,1.0,0.0,0.0,0.0,0.5,58.0,60.0,54.0,0.0,0.0,0.0,0.0,0.0,0.0,2.0,120.0,1.0,54.0,1024.0,0.0,2.0,20.0,0.0,0.0,0.0,0.0,0.0,0.0,0.0,0.0
498.0,29.0,2.0,1.0,120.0,54.0,60.0,60.0,60.0,0.0,54.0,54.0,54.0,0.0,6e+06,103448.27,14.5,14.5,29.0,0.0,0.0,0.0,0.0,0.0,0.0,0.0,0.0,0.0,0.0,0.0,0.0,0.0,0.0,0.0,40.0,20.0,68965.516,34482.758,54.0,60.0,58.0,2.828427,8.0,0.0,2.0,1.0,0.0,1.0,0.0,0.0,0.0,0.5,58.0,60.0,54.0,0.0,0.0,0.0,0.0,0.0,0.0,2.0,120.0,1.0,54.0,1024.0,0.0,2.0,20.0,0.0,0.0,0.0,0.0,0.0,0.0,0.0,0.0
79.0,31.0,2.0,1.0,120.0,54.0,60.0,60.0,60.0,0.0,54.0,54.0,54.0,0.0,5.612903e+06,96774.195,15.5,15.5,31.0,0.0,0.0,0.0,0.0,0.0,0.0,0.0,0.0,0.0,0.0,0.0,0.0,0.0,0.0,0.0,40.0,20.0,64516.13,32258.064,54.0,60.0,58.0,2.828427,8.0,0.0,2.0,1.0,0.0,1.0,0.0,0.0,0.0,0.5,58.0,60.0,54.0,0.0,0.0,0.0,0.0,0.0,0.0,2.0,120.0,1.0,54.0,1024.0,0.0,2.0,20.0,0.0,0.0,0.0,0.0,0.0,0.0,0.0,0.0
63.0,23.0,2.0,1.0,120.0,54.0,60.0,60.0,60.0,0.0,54.0,54.0,54.0,0.0,7.5652175e+06,130434.78,11.5,11.5,23.0,0.0,0.0,0.0,0.0,0.0,0.0,0.0,0.0,0.0,0.0,0.0,0.0,0.0,0.0,0.0,40.0,20.0,86956.52,43478.26,54.0,60.0,58.0,2.828427,8.0,0.0,2.0,1.0,0.0,1.0,0.0,0.0,0.0,0.5,58.0,60.0,54.0,0.0,0.0,0.0,0.0,0.0,0.0,2.0,120.0,1.0,54.0,1024.0,0.0,2.0,20.0,0.0,0.0,0.0,0.0,0.0,0.0,0.0,0.0
127.0,42.0,2.0,1.0,120.0,54.0,60.0,60.0,60.0,0.0,54.0,54.0,54.0,0.0,4.1428572e+06,71428.57,21.0,21.0,42.0,0.0,0.0,0.0,0.0,0.0,0.0,0.0,0.0,0.0,0.0,0.0,0.0,0.0,0.0,0.0,40.0,20.0,47619.047,23809.523,54.0,60.0,58.0,2.828427,8.0,0.0,2.0,1.0,0.0,1.0,0.0,0.0,0.0,0.5,58.0,60.0,54.0,0.0,0.0,0.0,0.0,0.0,0.0,2.0,120.0,1.0,54.0,1024.0,0.0,2.0,20.0,0.0,0.0,0.0,0.0,0.0,0.0,0.0,0.0
418.0,28.0,2.0,1.0,120.0,54.0,60.0,60.0,60.0,0.0,54.0,54.0,54.0,0.0,6.2142855e+06,107142.86,14.0,14.0,28.0,0.0,0.0,0.0,0.0,0.0,0.0,0.0,0.0,0.0,0.0,0.0,0.0,0.0,0.0,0.0,40.0,20.0,71428.57,35714.285,54.0,60.0,58.0,2.828427,8.0,0.0,2.0,1.0,0.0,1.0,0.0,0.0,0.0,0.5,58.0,60.0,54.0,0.0,0.0,0.0,0.0,0.0,0.0,2.0,120.0,1.0,54.0,1024.0,0.0,2.0,20.0,0.0,0.0,0.0,0.0,0.0,0.0,0.0,0.0
70.0,44.0,2.0,1.0,120.0,54.0,60.0,60.0,60.0,0.0,54.0,54.0,54.0,0.0,3.9545455e+06,68181.82,22.0,22.0,44.0,0.0,0.0,0.0,0.0,0.0,0.0,0.0,0.0,0.0,0.0,0.0,0.0,0.0,0.0,0.0,40.0,20.0,45454.547,22727.273,54.0,60.0,58.0,2.828427,8.0,0.0,2.0,1.0,0.0,1.0,0.0,0.0,0.0,0.5,58.0,60.0,54.0,0.0,0.0,0.0,0.0,0.0,0.0,2.0,120.0,1.0,54.0,1024.0,0.0,2.0,20.0,0.0,0.0,0.0,0.0,0.0,0.0,0.0,0.0
280.0,31.0,2.0,1.0,120.0,54.0,60.0,60.0,60.0,0.0,54.0,54.0,54.0,0.0,5.612903e+06,96774.195,15.5,15.5,31.0,0.0,0.0,0.0,0.0,0.0,0.0,0.0,0.0,0.0,0.0,0.0,0.0,0.0,0.0,0.0,40.0,20.0,64516.13,32258.064,54.0,60.0,58.0,2.828427,8.0,0.0,2.0,1.0,0.0,1.0,0.0,0.0,0.0,0.5,58.0,60.0,54.0,0.0,0.0,0.0,0.0,0.0,0.0,2.0,120.0,1.0,54.0,1024.0,0.0,2.0,20.0,0.0,0.0,0.0,0.0,0.0,0.0,0.0,0.0
66.0,35.0,2.0,1.0,120.0,54.0,60.0,60.0,60.0,0.0,54.0,54.0,54.0,0.0,4.9714285e+06,85714.29,17.5,17.5,35.0,0.0,0.0,0.0,0.0,0.0,0.0,0.0,0.0,0.0,0.0,0.0,0.0,0.0,0.0,0.0,40.0,20.0,57142.855,28571.428,54.0,60.0,58.0,2.828427,8.0,0.0,2.0,1.0,0.0,1.0,0.0,0.0,0.0,0.5,58.0,60.0,54.0,0.0,0.0,0.0,0.0,0.0,0.0,2.0,120.0,1.0,54.0,1024.0,0.0,2.0,20.0,0.0,0.0,0.0,0.0,0.0,0.0,0.0,0.0
150.0,34.0,2.0,1.0,120.0,54.0,60.0,60.0,60.0,0.0,54.0,54.0,54.0,0.0,5.117647e+06,88235.3,17.0,17.0,34.0,0.0,0.0,0.0,0.0,0.0,0.0,0.0,0.0,0.0,0.0,0.0,0.0,0.0,0.0,0.0,40.0,20.0,58823.53,29411.766,54.0,60.0,58.0,2.828427,8.0,0.0,2.0,1.0,0.0,1.0,0.0,0.0,0.0,0.5,58.0,60.0,54.0,0.0,0.0,0.0,0.0,0.0,0.0,2.0,120.0,1.0,54.0,1024.0,0.0,2.0,20.0,0.0,0.0,0.0,0.0,0.0,0.0,0.0,0.0
156.0,38.0,2.0,1.0,120.0,54.0,60.0,60.0,60.0,0.0,54.0,54.0,54.0,0.0,4.5789475e+06,78947.37,19.0,19.0,38.0,0.0,0.0,0.0,0.0,0.0,0.0,0.0,0.0,0.0,0.0,0.0,0.0,0.0,0.0,0.0,40.0,20.0,52631.58,26315.79,54.0,60.0,58.0,2.828427,8.0,0.0,2.0,1.0,0.0,1.0,0.0,0.0,0.0,0.5,58.0,60.0,54.0,0.0,0.0,0.0,0.0,0.0,0.0,2.0,120.0,1.0,54.0,1024.0,0.0,2.0,20.0,0.0,0.0,0.0,0.0,0.0,0.0,0.0,0.0
326.0,30.0,2.0,1.0,120.0,54.0,60.0,60.0,60.0,0.0,54.0,54.0,54.0,0.0,5.8e+06,100000.0,15.0,15.0,30.0,0.0,0.0,0.0,0.0,0.0,0.0,0.0,0.0,0.0,0.0,0.0,0.0,0.0,0.0,0.0,40.0,20.0,66666.664,33333.332,54.0,60.0,58.0,2.828427,8.0,0.0,2.0,1.0,0.0,1.0,0.0,0.0,0.0,0.5,58.0,60.0,54.0,0.0,0.0,0.0,0.0,0.0,0.0,2.0,120.0,1.0,54.0,1024.0,0.0,2.0,20.0,0.0,0.0,0.0,0.0,0.0,0.0,0.0,0.0
101.0,36.0,2.0,1.0,120.0,54.0,60.0,60.0,60.0,0.0,54.0,54.0,54.0,0.0,4.8333335e+06,83333.336,18.0,18.0,36.0,0.0,0.0,0.0,0.0,0.0,0.0,0.0,0.0,0.0,0.0,0.0,0.0,0.0,0.0,0.0,40.0,20.0,55555.555,27777.777,54.0,60.0,58.0,2.828427,8.0,0.0,2.0,1.0,0.0,1.0,0.0,0.0,0.0,0.5,58.0,60.0,54.0,0.0,0.0,0.0,0.0,0.0,0.0,2.0,120.0,1.0,54.0,1024.0,0.0,2.0,20.0,0.0,0.0,0.0,0.0,0.0,0.0,0.0,0.0
467.0,29.0,2.0,1.0,120.0,54.0,60.0,60.0,60.0,0.0,54.0,54.0,54.0,0.0,6e+06,103448.27,14.5,14.5,29.0,0.0,0.0,0.0,0.0,0.0,0.0,0.0,0.0,0.0,0.0,0.0,0.0,0.0,0.0,0.0,40.0,20.0,68965.516,34482.758,54.0,60.0,58.0,2.828427,8.0,0.0,2.0,1.0,0.0,1.0,0.0,0.0,0.0,0.5,58.0,60.0,54.0,0.0,0.0,0.0,0.0,0.0,0.0,2.0,120.0,1.0,54.0,1024.0,0.0,2.0,20.0,0.0,0.0,0.0,0.0,0.0,0.0,0.0,0.0
406.0,34.0,2.0,1.0,120.0,54.0,60.0,60.0,60.0,0.0,54.0,54.0,54.0,0.0,5.117647e+06,88235.3,17.0,17.0,34.0,0.0,0.0,0.0,0.0,0.0,0.0,0.0,0.0,0.0,0.0,0.0,0.0,0.0,0.0,0.0,40.0,20.0,58823.53,29411.766,54.0,60.0,58.0,2.828427,8.0,0.0,2.0,1.0,0.0,1.0,0.0,0.0,0.0,0.5,58.0,60.0,54.0,0.0,0.0,0.0,0.0,0.0,0.0,2.0,120.0,1.0,54.0,1024.0,0.0,2.0,20.0,0.0,0.0,0.0,0.0,0.0,0.0,0.0,0.0
244.0,45.0,2.0,1.0,120.0,54.0,60.0,60.0,60.0,0.0,54.0,54.0,54.0,0.0,3.8666668e+06,66666.664,22.5,22.5,45.0,0.0,0.0,0.0,0.0,0.0,0.0,0.0,0.0,0.0,0.0,0.0,0.0,0.0,0.0,0.0,40.0,20.0,44444.445,22222.223,54.0,60.0,58.0,2.828427,8.0,0.0,2.0,1.0,0.0,1.0,0.0,0.0,0.0,0.5,58.0,60.0,54.0,0.0,0.0,0.0,0.0,0.0,0.0,2.0,120.0,1.0,54.0,1024.0,0.0,2.0,20.0,0.0,0.0,0.0,0.0,0.0,0.0,0.0,0.0
19.0,30.0,2.0,1.0,120.0,54.0,60.0,60.0,60.0,0.0,54.0,54.0,54.0,0.0,5.8e+06,100000.0,15.0,15.0,30.0,0.0,0.0,0.0,0.0,0.0,0.0,0.0,0.0,0.0,0.0,0.0,0.0,0.0,0.0,0.0,40.0,20.0,66666.664,33333.332,54.0,60.0,58.0,2.828427,8.0,0.0,2.0,1.0,0.0,1.0,0.0,0.0,0.0,0.5,58.0,60.0,54.0,0.0,0.0,0.0,0.0,0.0,0.0,2.0,120.0,1.0,54.0,1024.0,0.0,2.0,20.0,0.0,0.0,0.0,0.0,0.0,0.0,0.0,0.0
400.0,36.0,2.0,1.0,120.0,54.0,60.0,60.0,60.0,0.0,54.0,54.0,54.0,0.0,4.8333335e+06,83333.336,18.0,18.0,36.0,0.0,0.0,0.0,0.0,0.0,0.0,0.0,0.0,0.0,0.0,0.0,0.0,0.0,0.0,0.0,40.0,20.0,55555.555,27777.777,54.0,60.0,58.0,2.828427,8.0,0.0,2.0,1.0,0.0,1.0,0.0,0.0,0.0,0.5,58.0,60.0,54.0,0.0,0.0,0.0,0.0,0.0,0.0,2.0,120.0,1.0,54.0,1024.0,0.0,2.0,20.0,0.0,0.0,0.0,0.0,0.0,0.0,0.0,0.0
431.0,29.0,2.0,1.0,120.0,54.0,60.0,60.0,60.0,0.0,54.0,54.0,54.0,0.0,6e+06,103448.27,14.5,14.5,29.0,0.0,0.0,0.0,0.0,0.0,0.0,0.0,0.0,0.0,0.0,0.0,0.0,0.0,0.0,0.0,40.0,20.0,68965.516,34482.758,54.0,60.0,58.0,2.828427,8.0,0.0,2.0,1.0,0.0,1.0,0.0,0.0,0.0,0.5,58.0,60.0,54.0,0.0,0.0,0.0,0.0,0.0,0.0,2.0,120.0,1.0,54.0,1024.0,0.0,2.0,20.0,0.0,0.0,0.0,0.0,0.0,0.0,0.0,0.0
39.0,37.0,2.0,1.0,120.0,54.0,60.0,60.0,60.0,0.0,54.0,54.0,54.0,0.0,4.7027025e+06,81081.08,18.5,18.5,37.0,0.0,0.0,0.0,0.0,0.0,0.0,0.0,0.0,0.0,0.0,0.0,0.0,0.0,0.0,0.0,40.0,20.0,54054.055,27027.027,54.0,60.0,58.0,2.828427,8.0,0.0,2.0,1.0,0.0,1.0,0.0,0.0,0.0,0.5,58.0,60.0,54.0,0.0,0.0,0.0,0.0,0.0,0.0,2.0,120.0,1.0,54.0,1024.0,0.0,2.0,20.0,0.0,0.0,0.0,0.0,0.0,0.0,0.0,0.0
300.0,53.0,2.0,1.0,120.0,54.0,60.0,60.0,60.0,0.0,54.0,54.0,54.0,0.0,3.2830188e+06,56603.773,26.5,26.5,53.0,0.0,0.0,0.0,0.0,0.0,0.0,0.0,0.0,0.0,0.0,0.0,0.0,0.0,0.0,0.0,40.0,20.0,37735.848,18867.924,54.0,60.0,58.0,2.828427,8.0,0.0,2.0,1.0,0.0,1.0,0.0,0.0,0.0,0.5,58.0,60.0,54.0,0.0,0.0,0.0,0.0,0.0,0.0,2.0,120.0,1.0,54.0,1024.0,0.0,2.0,20.0,0.0,0.0,0.0,0.0,0.0,0.0,0.0,0.0
354.0,37.0,2.0,1.0,120.0,54.0,60.0,60.0,60.0,0.0,54.0,54.0,54.0,0.0,4.7027025e+06,81081.08,18.5,18.5,37.0,0.0,0.0,0.0,0.0,0.0,0.0,0.0,0.0,0.0,0.0,0.0,0.0,0.0,0.0,0.0,40.0,20.0,54054.055,27027.027,54.0,60.0,58.0,2.828427,8.0,0.0,2.0,1.0,0.0,1.0,0.0,0.0,0.0,0.5,58.0,60.0,54.0,0.0,0.0,0.0,0.0,0.0,0.0,2.0,120.0,1.0,54.0,1024.0,0.0,2.0,20.0,0.0,0.0,0.0,0.0,0.0,0.0,0.0,0.0
217.0,30.0,2.0,1.0,120.0,54.0,60.0,60.0,60.0,0.0,54.0,54.0,54.0,0.0,5.8e+06,100000.0,15.0,15.0,30.0,0.0,0.0,0.0,0.0,0.0,0.0,0.0,0.0,0.0,0.0,0.0,0.0,0.0,0.0,0.0,40.0,20.0,66666.664,33333.332,54.0,60.0,58.0,2.828427,8.0,0.0,2.0,1.0,0.0,1.0,0.0,0.0,0.0,0.5,58.0,60.0,54.0,0.0,0.0,0.0,0.0,0.0,0.0,2.0,120.0,1.0,54.0,1024.0,0.0,2.0,20.0,0.0,0.0,0.0,0.0,0.0,0.0,0.0,0.0
4.0,44.0,2.0,1.0,120.0,54.0,60.0,60.0,60.0,0.0,54.0,54.0,54.0,0.0,3.9545455e+06,68181.82,22.0,22.0,44.0,0.0,0.0,0.0,0.0,0.0,0.0,0.0,0.0,0.0,0.0,0.0,0.0,0.0,0.0,0.0,40.0,20.0,45454.547,22727.273,54.0,60.0,58.0,2.828427,8.0,0.0,2.0,1.0,0.0,1.0,0.0,0.0,0.0,0.5,58.0,60.0,54.0,0.0,0.0,0.0,0.0,0.0,0.0,2.0,120.0,1.0,54.0,1024.0,0.0,2.0,20.0,0.0,0.0,0.0,0.0,0.0,0.0,0.0,0.0
171.0,30.0,2.0,1.0,120.0,54.0,60.0,60.0,60.0,0.0,54.0,54.0,54.0,0.0,5.8e+06,100000.0,15.0,15.0,30.0,0.0,0.0,0.0,0.0,0.0,0.0,0.0,0.0,0.0,0.0,0.0,0.0,0.0,0.0,0.0,40.0,20.0,66666.664,33333.332,54.0,60.0,58.0,2.828427,8.0,0.0,2.0,1.0,0.0,1.0,0.0,0.0,0.0,0.5,58.0,60.0,54.0,0.0,0.0,0.0,0.0,0.0,0.0,2.0,120.0,1.0,54.0,1024.0,0.0,2.0,20.0,0.0,0.0,0.0,0.0,0.0,0.0,0.0,0.0
73.0,36.0,2.0,1.0,120.0,54.0,60.0,60.0,60.0,0.0,54.0,54.0,54.0,0.0,4.8333335e+06,83333.336,18.0,18.0,36.0,0.0,0.0,0.0,0.0,0.0,0.0,0.0,0.0,0.0,0.0,0.0,0.0,0.0,0.0,0.0,40.0,20.0,55555.555,27777.777,54.0,60.0,58.0,2.828427,8.0,0.0,2.0,1.0,0.0,1.0,0.0,0.0,0.0,0.5,58.0,60.0,54.0,0.0,0.0,0.0,0.0,0.0,0.0,2.0,120.0,1.0,54.0,1024.0,0.0,2.0,20.0,0.0,0.0,0.0,0.0,0.0,0.0,0.0,0.0
76.0,33.0,2.0,1.0,120.0,54.0,60.0,60.0,60.0,0.0,54.0,54.0,54.0,0.0,5.2727275e+06,90909.09,16.5,16.5,33.0,0.0,0.0,0.0,0.0,0.0,0.0,0.0,0.0,0.0,0.0,0.0,0.0,0.0,0.0,0.0,40.0,20.0,60606.062,30303.031,54.0,60.0,58.0,2.828427,8.0,0.0,2.0,1.0,0.0,1.0,0.0,0.0,0.0,0.5,58.0,60.0,54.0,0.0,0.0,0.0,0.0,0.0,0.0,2.0,120.0,1.0,54.0,1024.0,0.0,2.0,20.0,0.0,0.0,0.0,0.0,0.0,0.0,0.0,0.0
360.0,31.0,2.0,1.0,120.0,54.0,60.0,60.0,60.0,0.0,54.0,54.0,54.0,0.0,5.612903e+06,96774.195,15.5,15.5,31.0,0.0,0.0,0.0,0.0,0.0,0.0,0.0,0.0,0.0,0.0,0.0,0.0,0.0,0.0,0.0,40.0,20.0,64516.13,32258.064,54.0,60.0,58.0,2.828427,8.0,0.0,2.0,1.0,0.0,1.0,0.0,0.0,0.0,0.5,58.0,60.0,54.0,0.0,0.0,0.0,0.0,0.0,0.0,2.0,120.0,1.0,54.0,1024.0,0.0,2.0,20.0,0.0,0.0,0.0,0.0,0.0,0.0,0.0,0.0
195.0,37.0,2.0,1.0,120.0,54.0,60.0,60.0,60.0,0.0,54.0,54.0,54.0,0.0,4.7027025e+06,81081.08,18.5,18.5,37.0,0.0,0.0,0.0,0.0,0.0,0.0,0.0,0.0,0.0,0.0,0.0,0.0,0.0,0.0,0.0,40.0,20.0,54054.055,27027.027,54.0,60.0,58.0,2.828427,8.0,0.0,2.0,1.0,0.0,1.0,0.0,0.0,0.0,0.5,58.0,60.0,54.0,0.0,0.0,0.0,0.0,0.0,0.0,2.0,120.0,1.0,54.0,1024.0,0.0,2.0,20.0,0.0,0.0,0.0,0.0,0.0,0.0,0.0,0.0
189.0,34.0,2.0,1.0,120.0,54.0,60.0,60.0,60.0,0.0,54.0,54.0,54.0,0.0,5.117647e+06,88235.3,17.0,17.0,34.0,0.0,0.0,0.0,0.0,0.0,0.0,0.0,0.0,0.0,0.0,0.0,0.0,0.0,0.0,0.0,40.0,20.0,58823.53,29411.766,54.0,60.0,58.0,2.828427,8.0,0.0,2.0,1.0,0.0,1.0,0.0,0.0,0.0,0.5,58.0,60.0,54.0,0.0,0.0,0.0,0.0,0.0,0.0,2.0,120.0,1.0,54.0,1024.0,0.0,2.0,20.0,0.0,0.0,0.0,0.0,0.0,0.0,0.0,0.0
140.0,46.0,2.0,1.0,120.0,54.0,60.0,60.0,60.0,0.0,54.0,54.0,54.0,0.0,3.7826088e+06,65217.39,23.0,23.0,46.0,0.0,0.0,0.0,0.0,0.0,0.0,0.0,0.0,0.0,0.0,0.0,0.0,0.0,0.0,0.0,40.0,20.0,43478.26,21739.13,54.0,60.0,58.0,2.828427,8.0,0.0,2.0,1.0,0.0,1.0,0.0,0.0,0.0,0.5,58.0,60.0,54.0,0.0,0.0,0.0,0.0,0.0,0.0,2.0,120.0,1.0,54.0,1024.0,0.0,2.0,20.0,0.0,0.0,0.0,0.0,0.0,0.0,0.0,0.0
209.0,39.0,2.0,1.0,120.0,54.0,60.0,60.0,60.0,0.0,54.0,54.0,54.0,0.0,4.4615385e+06,76923.08,19.5,19.5,39.0,0.0,0.0,0.0,0.0,0.0,0.0,0.0,0.0,0.0,0.0,0.0,0.0,0.0,0.0,0.0,40.0,20.0,51282.05,25641.025,54.0,60.0,58.0,2.828427,8.0,0.0,2.0,1.0,0.0,1.0,0.0,0.0,0.0,0.5,58.0,60.0,54.0,0.0,0.0,0.0,0.0,0.0,0.0,2.0,120.0,1.0,54.0,1024.0,0.0,2.0,20.0,0.0,0.0,0.0,0.0,0.0,0.0,0.0,0.0
485.0,34.0,2.0,1.0,120.0,54.0,60.0,60.0,60.0,0.0,54.0,54.0,54.0,0.0,5.117647e+06,88235.3,17.0,17.0,34.0,0.0,0.0,0.0,0.0,0.0,0.0,0.0,0.0,0.0,0.0,0.0,0.0,0.0,0.0,0.0,40.0,20.0,58823.53,29411.766,54.0,60.0,58.0,2.828427,8.0,0.0,2.0,1.0,0.0,1.0,0.0,0.0,0.0,0.5,58.0,60.0,54.0,0.0,0.0,0.0,0.0,0.0,0.0,2.0,120.0,1.0,54.0,1024.0,0.0,2.0,20.0,0.0,0.0,0.0,0.0,0.0,0.0,0.0,0.0
56.0,29.0,2.0,1.0,120.0,54.0,60.0,60.0,60.0,0.0,54.0,54.0,54.0,0.0,6e+06,103448.27,14.5,14.5,29.0,0.0,0.0,0.0,0.0,0.0,0.0,0.0,0.0,0.0,0.0,0.0,0.0,0.0,0.0,0.0,40.0,20.0,68965.516,34482.758,54.0,60.0,58.0,2.828427,8.0,0.0,2.0,1.0,0.0,1.0,0.0,0.0,0.0,0.5,58.0,60.0,54.0,0.0,0.0,0.0,0.0,0.0,0.0,2.0,120.0,1.0,54.0,1024.0,0.0,2.0,20.0,0.0,0.0,0.0,0.0,0.0,0.0,0.0,0.0
499.0,32.0,2.0,1.0,120.0,54.0,60.0,60.0,60.0,0.0,54.0,54.0,54.0,0.0,5.4375e+06,93750.0,16.0,16.0,32.0,0.0,0.0,0.0,0.0,0.0,0.0,0.0,0.0,0.0,0.0,0.0,0.0,0.0,0.0,0.0,40.0,20.0,62500.0,31250.0,54.0,60.0,58.0,2.828427,8.0,0.0,2.0,1.0,0.0,1.0,0.0,0.0,0.0,0.5,58.0,60.0,54.0,0.0,0.0,0.0,0.0,0.0,0.0,2.0,120.0,1.0,54.0,1024.0,0.0,2.0,20.0,0.0,0.0,0.0,0.0,0.0,0.0,0.0,0.0
283.0,31.0,2.0,1.0,120.0,54.0,60.0,60.0,60.0,0.0,54.0,54.0,54.0,0.0,5.612903e+06,96774.195,15.5,15.5,31.0,0.0,0.0,0.0,0.0,0.0,0.0,0.0,0.0,0.0,0.0,0.0,0.0,0.0,0.0,0.0,40.0,20.0,64516.13,32258.064,54.0,60.0,58.0,2.828427,8.0,0.0,2.0,1.0,0.0,1.0,0.0,0.0,0.0,0.5,58.0,60.0,54.0,0.0,0.0,0.0,0.0,0.0,0.0,2.0,120.0,1.0,54.0,1024.0,0.0,2.0,20.0,0.0,0.0,0.0,0.0,0.0,0.0,0.0,0.0
277.0,37.0,2.0,1.0,120.0,54.0,60.0,60.0,60.0,0.0,54.0,54.0,54.0,0.0,4.7027025e+06,81081.08,18.5,18.5,37.0,0.0,0.0,0.0,0.0,0.0,0.0,0.0,0.0,0.0,0.0,0.0,0.0,0.0,0.0,0.0,40.0,20.0,54054.055,27027.027,54.0,60.0,58.0,2.828427,8.0,0.0,2.0,1.0,0.0,1.0,0.0,0.0,0.0,0.5,58.0,60.0,54.0,0.0,0.0,0.0,0.0,0.0,0.0,2.0,120.0,1.0,54.0,1024.0,0.0,2.0,20.0,0.0,0.0,0.0,0.0,0.0,0.0,0.0,0.0
225.0,29.0,2.0,1.0,120.0,54.0,60.0,60.0,60.0,0.0,54.0,54.0,54.0,0.0,6e+06,103448.27,14.5,14.5,29.0,0.0,0.0,0.0,0.0,0.0,0.0,0.0,0.0,0.0,0.0,0.0,0.0,0.0,0.0,0.0,40.0,20.0,68965.516,34482.758,54.0,60.0,58.0,2.828427,8.0,0.0,2.0,1.0,0.0,1.0,0.0,0.0,0.0,0.5,58.0,60.0,54.0,0.0,0.0,0.0,0.0,0.0,0.0,2.0,120.0,1.0,54.0,1024.0,0.0,2.0,20.0,0.0,0.0,0.0,0.0,0.0,0.0,0.0,0.0
221.0,35.0,2.0,1.0,120.0,54.0,60.0,60.0,60.0,0.0,54.0,54.0,54.0,0.0,4.9714285e+06,85714.29,17.5,17.5,35.0,0.0,0.0,0.0,0.0,0.0,0.0,0.0,0.0,0.0,0.0,0.0,0.0,0.0,0.0,0.0,40.0,20.0,57142.855,28571.428,54.0,60.0,58.0,2.828427,8.0,0.0,2.0,1.0,0.0,1.0,0.0,0.0,0.0,0.5,58.0,60.0,54.0,0.0,0.0,0.0,0.0,0.0,0.0,2.0,120.0,1.0,54.0,1024.0,0.0,2.0,20.0,0.0,0.0,0.0,0.0,0.0,0.0,0.0,0.0
267.0,33.0,2.0,1.0,120.0,54.0,60.0,60.0,60.0,0.0,54.0,54.0,54.0,0.0,5.2727275e+06,90909.09,16.5,16.5,33.0,0.0,0.0,0.0,0.0,0.0,0.0,0.0,0.0,0.0,0.0,0.0,0.0,0.0,0.0,0.0,40.0,20.0,60606.062,30303.031,54.0,60.0,58.0,2.828427,8.0,0.0,2.0,1.0,0.0,1.0,0.0,0.0,0.0,0.5,58.0,60.0,54.0,0.0,0.0,0.0,0.0,0.0,0.0,2.0,120.0,1.0,54.0,1024.0,0.0,2.0,20.0,0.0,0.0,0.0,0.0,0.0,0.0,0.0,0.0
379.0,40.0,2.0,1.0,120.0,54.0,60.0,60.0,60.0,0.0,54.0,54.0,54.0,0.0,4.35e+06,75000.0,20.0,20.0,40.0,0.0,0.0,0.0,0.0,0.0,0.0,0.0,0.0,0.0,0.0,0.0,0.0,0.0,0.0,0.0,40.0,20.0,50000.0,25000.0,54.0,60.0,58.0,2.828427,8.0,0.0,2.0,1.0,0.0,1.0,0.0,0.0,0.0,0.5,58.0,60.0,54.0,0.0,0.0,0.0,0.0,0.0,0.0,2.0,120.0,1.0,54.0,1024.0,0.0,2.0,20.0,0.0,0.0,0.0,0.0,0.0,0.0,0.0,0.0
274.0,37.0,2.0,1.0,120.0,54.0,60.0,60.0,60.0,0.0,54.0,54.0,54.0,0.0,4.7027025e+06,81081.08,18.5,18.5,37.0,0.0,0.0,0.0,0.0,0.0,0.0,0.0,0.0,0.0,0.0,0.0,0.0,0.0,0.0,0.0,40.0,20.0,54054.055,27027.027,54.0,60.0,58.0,2.828427,8.0,0.0,2.0,1.0,0.0,1.0,0.0,0.0,0.0,0.5,58.0,60.0,54.0,0.0,0.0,0.0,0.0,0.0,0.0,2.0,120.0,1.0,54.0,1024.0,0.0,2.0,20.0,0.0,0.0,0.0,0.0,0.0,0.0,0.0,0.0
402.0,33.0,2.0,1.0,120.0,54.0,60.0,60.0,60.0,0.0,54.0,54.0,54.0,0.0,5.2727275e+06,90909.09,16.5,16.5,33.0,0.0,0.0,0.0,0.0,0.0,0.0,0.0,0.0,0.0,0.0,0.0,0.0,0.0,0.0,0.0,40.0,20.0,60606.062,30303.031,54.0,60.0,58.0,2.828427,8.0,0.0,2.0,1.0,0.0,1.0,0.0,0.0,0.0,0.5,58.0,60.0,54.0,0.0,0.0,0.0,0.0,0.0,0.0,2.0,120.0,1.0,54.0,1024.0,0.0,2.0,20.0,0.0,0.0,0.0,0.0,0.0,0.0,0.0,0.0
263.0,37.0,2.0,1.0,120.0,54.0,60.0,60.0,60.0,0.0,54.0,54.0,54.0,0.0,4.7027025e+06,81081.08,18.5,18.5,37.0,0.0,0.0,0.0,0.0,0.0,0.0,0.0,0.0,0.0,0.0,0.0,0.0,0.0,0.0,0.0,40.0,20.0,54054.055,27027.027,54.0,60.0,58.0,2.828427,8.0,0.0,2.0,1.0,0.0,1.0,0.0,0.0,0.0,0.5,58.0,60.0,54.0,0.0,0.0,0.0,0.0,0.0,0.0,2.0,120.0,1.0,54.0,1024.0,0.0,2.0,20.0,0.0,0.0,0.0,0.0,0.0,0.0,0.0,0.0
464.0,31.0,2.0,1.0,120.0,54.0,60.0,60.0,60.0,0.0,54.0,54.0,54.0,0.0,5.612903e+06,96774.195,15.5,15.5,31.0,0.0,0.0,0.0,0.0,0.0,0.0,0.0,0.0,0.0,0.0,0.0,0.0,0.0,0.0,0.0,40.0,20.0,64516.13,32258.064,54.0,60.0,58.0,2.828427,8.0,0.0,2.0,1.0,0.0,1.0,0.0,0.0,0.0,0.5,58.0,60.0,54.0,0.0,0.0,0.0,0.0,0.0,0.0,2.0,120.0,1.0,54.0,1024.0,0.0,2.0,20.0,0.0,0.0,0.0,0.0,0.0,0.0,0.0,0.0
190.0,35.0,2.0,1.0,120.0,54.0,60.0,60.0,60.0,0.0,54.0,54.0,54.0,0.0,4.9714285e+06,85714.29,17.5,17.5,35.0,0.0,0.0,0.0,0.0,0.0,0.0,0.0,0.0,0.0,0.0,0.0,0.0,0.0,0.0,0.0,40.0,20.0,57142.855,28571.428,54.0,60.0,58.0,2.828427,8.0,0.0,2.0,1.0,0.0,1.0,0.0,0.0,0.0,0.5,58.0,60.0,54.0,0.0,0.0,0.0,0.0,0.0,0.0,2.0,120.0,1.0,54.0,1024.0,0.0,2.0,20.0,0.0,0.0,0.0,0.0,0.0,0.0,0.0,0.0
397.0,36.0,2.0,1.0,120.0,54.0,60.0,60.0,60.0,0.0,54.0,54.0,54.0,0.0,4.8333335e+06,83333.336,18.0,18.0,36.0,0.0,0.0,0.0,0.0,0.0,0.0,0.0,0.0,0.0,0.0,0.0,0.0,0.0,0.0,0.0,40.0,20.0,55555.555,27777.777,54.0,60.0,58.0,2.828427,8.0,0.0,2.0,1.0,0.0,1.0,0.0,0.0,0.0,0.5,58.0,60.0,54.0,0.0,0.0,0.0,0.0,0.0,0.0,2.0,120.0,1.0,54.0,1024.0,0.0,2.0,20.0,0.0,0.0,0.0,0.0,0.0,0.0,0.0,0.0
208.0,30.0,2.0,1.0,120.0,54.0,60.0,60.0,60.0,0.0,54.0,54.0,54.0,0.0,5.8e+06,100000.0,15.0,15.0,30.0,0.0,0.0,0.0,0.0,0.0,0.0,0.0,0.0,0.0,0.0,0.0,0.0,0.0,0.0,0.0,40.0,20.0,66666.664,33333.332,54.0,60.0,58.0,2.828427,8.0,0.0,2.0,1.0,0.0,1.0,0.0,0.0,0.0,0.5,58.0,60.0,54.0,0.0,0.0,0.0,0.0,0.0,0.0,2.0,120.0,1.0,54.0,1024.0,0.0,2.0,20.0,0.0,0.0,0.0,0.0,0.0,0.0,0.0,0.0
455.0,36.0,2.0,1.0,120.0,54.0,60.0,60.0,60.0,0.0,54.0,54.0,54.0,0.0,4.8333335e+06,83333.336,18.0,18.0,36.0,0.0,0.0,0.0,0.0,0.0,0.0,0.0,0.0,0.0,0.0,0.0,0.0,0.0,0.0,0.0,40.0,20.0,55555.555,27777.777,54.0,60.0,58.0,2.828427,8.0,0.0,2.0,1.0,0.0,1.0,0.0,0.0,0.0,0.5,58.0,60.0,54.0,0.0,0.0,0.0,0.0,0.0,0.0,2.0,120.0,1.0,54.0,1024.0,0.0,2.0,20.0,0.0,0.0,0.0,0.0,0.0,0.0,0.0,0.0
290.0,33.0,2.0,1.0,120.0,54.0,60.0,60.0,60.0,0.0,54.0,54.0,54.0,0.0,5.2727275e+06,90909.09,16.5,16.5,33.0,0.0,0.0,0.0,0.0,0.0,0.0,0.0,0.0,0.0,0.0,0.0,0.0,0.0,0.0,0.0,40.0,20.0,60606.062,30303.031,54.0,60.0,58.0,2.828427,8.0,0.0,2.0,1.0,0.0,1.0,0.0,0.0,0.0,0.5,58.0,60.0,54.0,0.0,0.0,0.0,0.0,0.0,0.0,2.0,120.0,1.0,54.0,1024.0,0.0,2.0,20.0,0.0,0.0,0.0,0.0,0.0,0.0,0.0,0.0
257.0,47.0,2.0,1.0,120.0,54.0,60.0,60.0,60.0,0.0,54.0,54.0,54.0,0.0,3.7021278e+06,63829.79,23.5,23.5,47.0,0.0,0.0,0.0,0.0,0.0,0.0,0.0,0.0,0.0,0.0,0.0,0.0,0.0,0.0,0.0,40.0,20.0,42553.19,21276.596,54.0,60.0,58.0,2.828427,8.0,0.0,2.0,1.0,0.0,1.0,0.0,0.0,0.0,0.5,58.0,60.0,54.0,0.0,0.0,0.0,0.0,0.0,0.0,2.0,120.0,1.0,54.0,1024.0,0.0,2.0,20.0,0.0,0.0,0.0,0.0,0.0,0.0,0.0,0.0
74.0,46.0,2.0,1.0,120.0,54.0,60.0,60.0,60.0,0.0,54.0,54.0,54.0,0.0,3.7826088e+06,65217.39,23.0,23.0,46.0,0.0,0.0,0.0,0.0,0.0,0.0,0.0,0.0,0.0,0.0,0.0,0.0,0.0,0.0,0.0,40.0,20.0,43478.26,21739.13,54.0,60.0,58.0,2.828427,8.0,0.0,2.0,1.0,0.0,1.0,0.0,0.0,0.0,0.5,58.0,60.0,54.0,0.0,0.0,0.0,0.0,0.0,0.0,2.0,120.0,1.0,54.0,1024.0,0.0,2.0,20.0,0.0,0.0,0.0,0.0,0.0,0.0,0.0,0.0
497.0,29.0,2.0,1.0,120.0,54.0,60.0,60.0,60.0,0.0,54.0,54.0,54.0,0.0,6e+06,103448.27,14.5,14.5,29.0,0.0,0.0,0.0,0.0,0.0,0.0,0.0,0.0,0.0,0.0,0.0,0.0,0.0,0.0,0.0,40.0,20.0,68965.516,34482.758,54.0,60.0,58.0,2.828427,8.0,0.0,2.0,1.0,0.0,1.0,0.0,0.0,0.0,0.5,58.0,60.0,54.0,0.0,0.0,0.0,0.0,0.0,0.0,2.0,120.0,1.0,54.0,1024.0,0.0,2.0,20.0,0.0,0.0,0.0,0.0,0.0,0.0,0.0,0.0
273.0,37.0,2.0,1.0,120.0,54.0,60.0,60.0,60.0,0.0,54.0,54.0,54.0,0.0,4.7027025e+06,81081.08,18.5,18.5,37.0,0.0,0.0,0.0,0.0,0.0,0.0,0.0,0.0,0.0,0.0,0.0,0.0,0.0,0.0,0.0,40.0,20.0,54054.055,27027.027,54.0,60.0,58.0,2.828427,8.0,0.0,2.0,1.0,0.0,1.0,0.0,0.0,0.0,0.5,58.0,60.0,54.0,0.0,0.0,0.0,0.0,0.0,0.0,2.0,120.0,1.0,54.0,1024.0,0.0,2.0,20.0,0.0,0.0,0.0,0.0,0.0,0.0,0.0,0.0
186.0,32.0,2.0,1.0,120.0,54.0,60.0,60.0,60.0,0.0,54.0,54.0,54.0,0.0,5.4375e+06,93750.0,16.0,16.0,32.0,0.0,0.0,0.0,0.0,0.0,0.0,0.0,0.0,0.0,0.0,0.0,0.0,0.0,0.0,0.0,40.0,20.0,62500.0,31250.0,54.0,60.0,58.0,2.828427,8.0,0.0,2.0,1.0,0.0,1.0,0.0,0.0,0.0,0.5,58.0,60.0,54.0,0.0,0.0,0.0,0.0,0.0,0.0,2.0,120.0,1.0,54.0,1024.0,0.0,2.0,20.0,0.0,0.0,0.0,0.0,0.0,0.0,0.0,0.0
251.0,30.0,2.0,1.0,120.0,54.0,60.0,60.0,60.0,0.0,54.0,54.0,54.0,0.0,5.8e+06,100000.0,15.0,15.0,30.0,0.0,0.0,0.0,0.0,0.0,0.0,0.0,0.0,0.0,0.0,0.0,0.0,0.0,0.0,0.0,40.0,20.0,66666.664,33333.332,54.0,60.0,58.0,2.828427,8.0,0.0,2.0,1.0,0.0,1.0,0.0,0.0,0.0,0.5,58.0,60.0,54.0,0.0,0.0,0.0,0.0,0.0,0.0,2.0,120.0,1.0,54.0,1024.0,0.0,2.0,20.0,0.0,0.0,0.0,0.0,0.0,0.0,0.0,0.0
417.0,33.0,2.0,1.0,120.0,54.0,60.0,60.0,60.0,0.0,54.0,54.0,54.0,0.0,5.2727275e+06,90909.09,16.5,16.5,33.0,0.0,0.0,0.0,0.0,0.0,0.0,0.0,0.0,0.0,0.0,0.0,0.0,0.0,0.0,0.0,40.0,20.0,60606.062,30303.031,54.0,60.0,58.0,2.828427,8.0,0.0,2.0,1.0,0.0,1.0,0.0,0.0,0.0,0.5,58.0,60.0,54.0,0.0,0.0,0.0,0.0,0.0,0.0,2.0,120.0,1.0,54.0,1024.0,0.0,2.0,20.0,0.0,0.0,0.0,0.0,0.0,0.0,0.0,0.0
168.0,30.0,2.0,1.0,120.0,54.0,60.0,60.0,60.0,0.0,54.0,54.0,54.0,0.0,5.8e+06,100000.0,15.0,15.0,30.0,0.0,0.0,0.0,0.0,0.0,0.0,0.0,0.0,0.0,0.0,0.0,0.0,0.0,0.0,0.0,40.0,20.0,66666.664,33333.332,54.0,60.0,58.0,2.828427,8.0,0.0,2.0,1.0,0.0,1.0,0.0,0.0,0.0,0.5,58.0,60.0,54.0,0.0,0.0,0.0,0.0,0.0,0.0,2.0,120.0,1.0,54.0,1024.0,0.0,2.0,20.0,0.0,0.0,0.0,0.0,0.0,0.0,0.0,0.0
117.0,46.0,2.0,1.0,120.0,54.0,60.0,60.0,60.0,0.0,54.0,54.0,54.0,0.0,3.7826088e+06,65217.39,23.0,23.0,46.0,0.0,0.0,0.0,0.0,0.0,0.0,0.0,0.0,0.0,0.0,0.0,0.0,0.0,0.0,0.0,40.0,20.0,43478.26,21739.13,54.0,60.0,58.0,2.828427,8.0,0.0,2.0,1.0,0.0,1.0,0.0,0.0,0.0,0.5,58.0,60.0,54.0,0.0,0.0,0.0,0.0,0.0,0.0,2.0,120.0,1.0,54.0,1024.0,0.0,2.0,20.0,0.0,0.0,0.0,0.0,0.0,0.0,0.0,0.0
381.0,33.0,2.0,1.0,120.0,54.0,60.0,60.0,60.0,0.0,54.0,54.0,54.0,0.0,5.2727275e+06,90909.09,16.5,16.5,33.0,0.0,0.0,0.0,0.0,0.0,0.0,0.0,0.0,0.0,0.0,0.0,0.0,0.0,0.0,0.0,40.0,20.0,60606.062,30303.031,54.0,60.0,58.0,2.828427,8.0,0.0,2.0,1.0,0.0,1.0,0.0,0.0,0.0,0.5,58.0,60.0,54.0,0.0,0.0,0.0,0.0,0.0,0.0,2.0,120.0,1.0,54.0,1024.0,0.0,2.0,20.0,0.0,0.0,0.0,0.0,0.0,0.0,0.0,0.0
198.0,29.0,2.0,1.0,120.0,54.0,60.0,60.0,60.0,0.0,54.0,54.0,54.0,0.0,6e+06,103448.27,14.5,14.5,29.0,0.0,0.0,0.0,0.0,0.0,0.0,0.0,0.0,0.0,0.0,0.0,0.0,0.0,0.0,0.0,40.0,20.0,68965.516,34482.758,54.0,60.0,58.0,2.828427,8.0,0.0,2.0,1.0,0.0,1.0,0.0,0.0,0.0,0.5,58.0,60.0,54.0,0.0,0.0,0.0,0.0,0.0,0.0,2.0,120.0,1.0,54.0,1024.0,0.0,2.0,20.0,0.0,0.0,0.0,0.0,0.0,0.0,0.0,0.0
388.0,30.0,2.0,1.0,120.0,54.0,60.0,60.0,60.0,0.0,54.0,54.0,54.0,0.0,5.8e+06,100000.0,15.0,15.0,30.0,0.0,0.0,0.0,0.0,0.0,0.0,0.0,0.0,0.0,0.0,0.0,0.0,0.0,0.0,0.0,40.0,20.0,66666.664,33333.332,54.0,60.0,58.0,2.828427,8.0,0.0,2.0,1.0,0.0,1.0,0.0,0.0,0.0,0.5,58.0,60.0,54.0,0.0,0.0,0.0,0.0,0.0,0.0,2.0,120.0,1.0,54.0,1024.0,0.0,2.0,20.0,0.0,0.0,0.0,0.0,0.0,0.0,0.0,0.0
84.0,30.0,2.0,1.0,120.0,54.0,60.0,60.0,60.0,0.0,54.0,54.0,54.0,0.0,5.8e+06,100000.0,15.0,15.0,30.0,0.0,0.0,0.0,0.0,0.0,0.0,0.0,0.0,0.0,0.0,0.0,0.0,0.0,0.0,0.0,40.0,20.0,66666.664,33333.332,54.0,60.0,58.0,2.828427,8.0,0.0,2.0,1.0,0.0,1.0,0.0,0.0,0.0,0.5,58.0,60.0,54.0,0.0,0.0,0.0,0.0,0.0,0.0,2.0,120.0,1.0,54.0,1024.0,0.0,2.0,20.0,0.0,0.0,0.0,0.0,0.0,0.0,0.0,0.0
49.0,39.0,2.0,1.0,120.0,54.0,60.0,60.0,60.0,0.0,54.0,54.0,54.0,0.0,4.4615385e+06,76923.08,19.5,19.5,39.0,0.0,0.0,0.0,0.0,0.0,0.0,0.0,0.0,0.0,0.0,0.0,0.0,0.0,0.0,0.0,40.0,20.0,51282.05,25641.025,54.0,60.0,58.0,2.828427,8.0,0.0,2.0,1.0,0.0,1.0,0.0,0.0,0.0,0.5,58.0,60.0,54.0,0.0,0.0,0.0,0.0,0.0,0.0,2.0,120.0,1.0,54.0,1024.0,0.0,2.0,20.0,0.0,0.0,0.0,0.0,0.0,0.0,0.0,0.0
415.0,36.0,2.0,1.0,120.0,54.0,60.0,60.0,60.0,0.0,54.0,54.0,54.0,0.0,4.8333335e+06,83333.336,18.0,18.0,36.0,0.0,0.0,0.0,0.0,0.0,0.0,0.0,0.0,0.0,0.0,0.0,0.0,0.0,0.0,0.0,40.0,20.0,55555.555,27777.777,54.0,60.0,58.0,2.828427,8.0,0.0,2.0,1.0,0.0,1.0,0.0,0.0,0.0,0.5,58.0,60.0,54.0,0.0,0.0,0.0,0.0,0.0,0.0,2.0,120.0,1.0,54.0,1024.0,0.0,2.0,20.0,0.0,0.0,0.0,0.0,0.0,0.0,0.0,0.0
486.0,31.0,2.0,1.0,120.0,54.0,60.0,60.0,60.0,0.0,54.0,54.0,54.0,0.0,5.612903e+06,96774.195,15.5,15.5,31.0,0.0,0.0,0.0,0.0,0.0,0.0,0.0,0.0,0.0,0.0,0.0,0.0,0.0,0.0,0.0,40.0,20.0,64516.13,32258.064,54.0,60.0,58.0,2.828427,8.0,0.0,2.0,1.0,0.0,1.0,0.0,0.0,0.0,0.5,58.0,60.0,54.0,0.0,0.0,0.0,0.0,0.0,0.0,2.0,120.0,1.0,54.0,1024.0,0.0,2.0,20.0,0.0,0.0,0.0,0.0,0.0,0.0,0.0,0.0
17.0,35.0,2.0,1.0,120.0,54.0,60.0,60.0,60.0,0.0,54.0,54.0,54.0,0.0,4.9714285e+06,85714.29,17.5,17.5,35.0,0.0,0.0,0.0,0.0,0.0,0.0,0.0,0.0,0.0,0.0,0.0,0.0,0.0,0.0,0.0,40.0,20.0,57142.855,28571.428,54.0,60.0,58.0,2.828427,8.0,0.0,2.0,1.0,0.0,1.0,0.0,0.0,0.0,0.5,58.0,60.0,54.0,0.0,0.0,0.0,0.0,0.0,0.0,2.0,120.0,1.0,54.0,1024.0,0.0,2.0,20.0,0.0,0.0,0.0,0.0,0.0,0.0,0.0,0.0
330.0,39.0,2.0,1.0,120.0,54.0,60.0,60.0,60.0,0.0,54.0,54.0,54.0,0.0,4.4615385e+06,76923.08,19.5,19.5,39.0,0.0,0.0,0.0,0.0,0.0,0.0,0.0,0.0,0.0,0.0,0.0,0.0,0.0,0.0,0.0,40.0,20.0,51282.05,25641.025,54.0,60.0,58.0,2.828427,8.0,0.0,2.0,1.0,0.0,1.0,0.0,0.0,0.0,0.5,58.0,60.0,54.0,0.0,0.0,0.0,0.0,0.0,0.0,2.0,120.0,1.0,54.0,1024.0,0.0,2.0,20.0,0.0,0.0,0.0,0.0,0.0,0.0,0.0,0.0
440.0,37.0,2.0,1.0,120.0,54.0,60.0,60.0,60.0,0.0,54.0,54.0,54.0,0.0,4.7027025e+06,81081.08,18.5,18.5,37.0,0.0,0.0,0.0,0.0,0.0,0.0,0.0,0.0,0.0,0.0,0.0,0.0,0.0,0.0,0.0,40.0,20.0,54054.055,27027.027,54.0,60.0,58.0,2.828427,8.0,0.0,2.0,1.0,0.0,1.0,0.0,0.0,0.0,0.5,58.0,60.0,54.0,0.0,0.0,0.0,0.0,0.0,0.0,2.0,120.0,1.0,54.0,1024.0,0.0,2.0,20.0,0.0,0.0,0.0,0.0,0.0,0.0,0.0,0.0
424.0,32.0,2.0,1.0,120.0,54.0,60.0,60.0,60.0,0.0,54.0,54.0,54.0,0.0,5.4375e+06,93750.0,16.0,16.0,32.0,0.0,0.0,0.0,0.0,0.0,0.0,0.0,0.0,0.0,0.0,0.0,0.0,0.0,0.0,0.0,40.0,20.0,62500.0,31250.0,54.0,60.0,58.0,2.828427,8.0,0.0,2.0,1.0,0.0,1.0,0.0,0.0,0.0,0.5,58.0,60.0,54.0,0.0,0.0,0.0,0.0,0.0,0.0,2.0,120.0,1.0,54.0,1024.0,0.0,2.0,20.0,0.0,0.0,0.0,0.0,0.0,0.0,0.0,0.0
165.0,32.0,2.0,1.0,120.0,54.0,60.0,60.0,60.0,0.0,54.0,54.0,54.0,0.0,5.4375e+06,93750.0,16.0,16.0,32.0,0.0,0.0,0.0,0.0,0.0,0.0,0.0,0.0,0.0,0.0,0.0,0.0,0.0,0.0,0.0,40.0,20.0,62500.0,31250.0,54.0,60.0,58.0,2.828427,8.0,0.0,2.0,1.0,0.0,1.0,0.0,0.0,0.0,0.5,58.0,60.0,54.0,0.0,0.0,0.0,0.0,0.0,0.0,2.0,120.0,1.0,54.0,1024.0,0.0,2.0,20.0,0.0,0.0,0.0,0.0,0.0,0.0,0.0,0.0
14.0,81.0,2.0,1.0,120.0,54.0,60.0,60.0,60.0,0.0,54.0,54.0,54.0,0.0,2.1481482e+06,37037.035,40.5,40.5,81.0,0.0,0.0,0.0,0.0,0.0,0.0,0.0,0.0,0.0,0.0,0.0,0.0,0.0,0.0,0.0,40.0,20.0,24691.357,12345.679,54.0,60.0,58.0,2.828427,8.0,0.0,2.0,1.0,0.0,1.0,0.0,0.0,0.0,0.5,58.0,60.0,54.0,0.0,0.0,0.0,0.0,0.0,0.0,2.0,120.0,1.0,54.0,1024.0,0.0,2.0,20.0,0.0,0.0,0.0,0.0,0.0,0.0,0.0,0.0
28.0,46.0,2.0,1.0,120.0,54.0,60.0,60.0,60.0,0.0,54.0,54.0,54.0,0.0,3.7826088e+06,65217.39,23.0,23.0,46.0,0.0,0.0,0.0,0.0,0.0,0.0,0.0,0.0,0.0,0.0,0.0,0.0,0.0,0.0,0.0,40.0,20.0,43478.26,21739.13,54.0,60.0,58.0,2.828427,8.0,0.0,2.0,1.0,0.0,1.0,0.0,0.0,0.0,0.5,58.0,60.0,54.0,0.0,0.0,0.0,0.0,0.0,0.0,2.0,120.0,1.0,54.0,1024.0,0.0,2.0,20.0,0.0,0.0,0.0,0.0,0.0,0.0,0.0,0.0
142.0,30.0,2.0,1.0,120.0,54.0,60.0,60.0,60.0,0.0,54.0,54.0,54.0,0.0,5.8e+06,100000.0,15.0,15.0,30.0,0.0,0.0,0.0,0.0,0.0,0.0,0.0,0.0,0.0,0.0,0.0,0.0,0.0,0.0,0.0,40.0,20.0,66666.664,33333.332,54.0,60.0,58.0,2.828427,8.0,0.0,2.0,1.0,0.0,1.0,0.0,0.0,0.0,0.5,58.0,60.0,54.0,0.0,0.0,0.0,0.0,0.0,0.0,2.0,120.0,1.0,54.0,1024.0,0.0,2.0,20.0,0.0,0.0,0.0,0.0,0.0,0.0,0.0,0.0
492.0,38.0,2.0,1.0,120.0,54.0,60.0,60.0,60.0,0.0,54.0,54.0,54.0,0.0,4.5789475e+06,78947.37,19.0,19.0,38.0,0.0,0.0,0.0,0.0,0.0,0.0,0.0,0.0,0.0,0.0,0.0,0.0,0.0,0.0,0.0,40.0,20.0,52631.58,26315.79,54.0,60.0,58.0,2.828427,8.0,0.0,2.0,1.0,0.0,1.0,0.0,0.0,0.0,0.5,58.0,60.0,54.0,0.0,0.0,0.0,0.0,0.0,0.0,2.0,120.0,1.0,54.0,1024.0,0.0,2.0,20.0,0.0,0.0,0.0,0.0,0.0,0.0,0.0,0.0
346.0,39.0,2.0,1.0,120.0,54.0,60.0,60.0,60.0,0.0,54.0,54.0,54.0,0.0,4.4615385e+06,76923.08,19.5,19.5,39.0,0.0,0.0,0.0,0.0,0.0,0.0,0.0,0.0,0.0,0.0,0.0,0.0,0.0,0.0,0.0,40.0,20.0,51282.05,25641.025,54.0,60.0,58.0,2.828427,8.0,0.0,2.0,1.0,0.0,1.0,0.0,0.0,0.0,0.5,58.0,60.0,54.0,0.0,0.0,0.0,0.0,0.0,0.0,2.0,120.0,1.0,54.0,1024.0,0.0,2.0,20.0,0.0,0.0,0.0,0.0,0.0,0.0,0.0,0.0
478.0,38.0,2.0,1.0,120.0,54.0,60.0,60.0,60.0,0.0,54.0,54.0,54.0,0.0,4.5789475e+06,78947.37,19.0,19.0,38.0,0.0,0.0,0.0,0.0,0.0,0.0,0.0,0.0,0.0,0.0,0.0,0.0,0.0,0.0,0.0,40.0,20.0,52631.58,26315.79,54.0,60.0,58.0,2.828427,8.0,0.0,2.0,1.0,0.0,1.0,0.0,0.0,0.0,0.5,58.0,60.0,54.0,0.0,0.0,0.0,0.0,0.0,0.0,2.0,120.0,1.0,54.0,1024.0,0.0,2.0,20.0,0.0,0.0,0.0,0.0,0.0,0.0,0.0,0.0
385.0,31.0,2.0,1.0,120.0,54.0,60.0,60.0,60.0,0.0,54.0,54.0,54.0,0.0,5.612903e+06,96774.195,15.5,15.5,31.0,0.0,0.0,0.0,0.0,0.0,0.0,0.0,0.0,0.0,0.0,0.0,0.0,0.0,0.0,0.0,40.0,20.0,64516.13,32258.064,54.0,60.0,58.0,2.828427,8.0,0.0,2.0,1.0,0.0,1.0,0.0,0.0,0.0,0.5,58.0,60.0,54.0,0.0,0.0,0.0,0.0,0.0,0.0,2.0,120.0,1.0,54.0,1024.0,0.0,2.0,20.0,0.0,0.0,0.0,0.0,0.0,0.0,0.0,0.0
125.0,46.0,2.0,1.0,120.0,54.0,60.0,60.0,60.0,0.0,54.0,54.0,54.0,0.0,3.7826088e+06,65217.39,23.0,23.0,46.0,0.0,0.0,0.0,0.0,0.0,0.0,0.0,0.0,0.0,0.0,0.0,0.0,0.0,0.0,0.0,40.0,20.0,43478.26,21739.13,54.0,60.0,58.0,2.828427,8.0,0.0,2.0,1.0,0.0,1.0,0.0,0.0,0.0,0.5,58.0,60.0,54.0,0.0,0.0,0.0,0.0,0.0,0.0,2.0,120.0,1.0,54.0,1024.0,0.0,2.0,20.0,0.0,0.0,0.0,0.0,0.0,0.0,0.0,0.0
484.0,38.0,2.0,1.0,120.0,54.0,60.0,60.0,60.0,0.0,54.0,54.0,54.0,0.0,4.5789475e+06,78947.37,19.0,19.0,38.0,0.0,0.0,0.0,0.0,0.0,0.0,0.0,0.0,0.0,0.0,0.0,0.0,0.0,0.0,0.0,40.0,20.0,52631.58,26315.79,54.0,60.0,58.0,2.828427,8.0,0.0,2.0,1.0,0.0,1.0,0.0,0.0,0.0,0.5,58.0,60.0,54.0,0.0,0.0,0.0,0.0,0.0,0.0,2.0,120.0,1.0,54.0,1024.0,0.0,2.0,20.0,0.0,0.0,0.0,0.0,0.0,0.0,0.0,0.0
218.0,38.0,2.0,1.0,120.0,54.0,60.0,60.0,60.0,0.0,54.0,54.0,54.0,0.0,4.5789475e+06,78947.37,19.0,19.0,38.0,0.0,0.0,0.0,0.0,0.0,0.0,0.0,0.0,0.0,0.0,0.0,0.0,0.0,0.0,0.0,40.0,20.0,52631.58,26315.79,54.0,60.0,58.0,2.828427,8.0,0.0,2.0,1.0,0.0,1.0,0.0,0.0,0.0,0.5,58.0,60.0,54.0,0.0,0.0,0.0,0.0,0.0,0.0,2.0,120.0,1.0,54.0,1024.0,0.0,2.0,20.0,0.0,0.0,0.0,0.0,0.0,0.0,0.0,0.0
230.0,35.0,2.0,1.0,120.0,54.0,60.0,60.0,60.0,0.0,54.0,54.0,54.0,0.0,4.9714285e+06,85714.29,17.5,17.5,35.0,0.0,0.0,0.0,0.0,0.0,0.0,0.0,0.0,0.0,0.0,0.0,0.0,0.0,0.0,0.0,40.0,20.0,57142.855,28571.428,54.0,60.0,58.0,2.828427,8.0,0.0,2.0,1.0,0.0,1.0,0.0,0.0,0.0,0.5,58.0,60.0,54.0,0.0,0.0,0.0,0.0,0.0,0.0,2.0,120.0,1.0,54.0,1024.0,0.0,2.0,20.0,0.0,0.0,0.0,0.0,0.0,0.0,0.0,0.0
284.0,29.0,2.0,1.0,120.0,54.0,60.0,60.0,60.0,0.0,54.0,54.0,54.0,0.0,6e+06,103448.27,14.5,14.5,29.0,0.0,0.0,0.0,0.0,0.0,0.0,0.0,0.0,0.0,0.0,0.0,0.0,0.0,0.0,0.0,40.0,20.0,68965.516,34482.758,54.0,60.0,58.0,2.828427,8.0,0.0,2.0,1.0,0.0,1.0,0.0,0.0,0.0,0.5,58.0,60.0,54.0,0.0,0.0,0.0,0.0,0.0,0.0,2.0,120.0,1.0,54.0,1024.0,0.0,2.0,20.0,0.0,0.0,0.0,0.0,0.0,0.0,0.0,0.0
7.0,30.0,2.0,1.0,120.0,54.0,60.0,60.0,60.0,0.0,54.0,54.0,54.0,0.0,5.8e+06,100000.0,15.0,15.0,30.0,0.0,0.0,0.0,0.0,0.0,0.0,0.0,0.0,0.0,0.0,0.0,0.0,0.0,0.0,0.0,40.0,20.0,66666.664,33333.332,54.0,60.0,58.0,2.828427,8.0,0.0,2.0,1.0,0.0,1.0,0.0,0.0,0.0,0.5,58.0,60.0,54.0,0.0,0.0,0.0,0.0,0.0,0.0,2.0,120.0,1.0,54.0,1024.0,0.0,2.0,20.0,0.0,0.0,0.0,0.0,0.0,0.0,0.0,0.0
37.0,30.0,2.0,1.0,120.0,54.0,60.0,60.0,60.0,0.0,54.0,54.0,54.0,0.0,5.8e+06,100000.0,15.0,15.0,30.0,0.0,0.0,0.0,0.0,0.0,0.0,0.0,0.0,0.0,0.0,0.0,0.0,0.0,0.0,0.0,40.0,20.0,66666.664,33333.332,54.0,60.0,58.0,2.828427,8.0,0.0,2.0,1.0,0.0,1.0,0.0,0.0,0.0,0.5,58.0,60.0,54.0,0.0,0.0,0.0,0.0,0.0,0.0,2.0,120.0,1.0,54.0,1024.0,0.0,2.0,20.0,0.0,0.0,0.0,0.0,0.0,0.0,0.0,0.0
46.0,88.0,2.0,1.0,120.0,54.0,60.0,60.0,60.0,0.0,54.0,54.0,54.0,0.0,1.9772728e+06,34090.91,44.0,44.0,88.0,0.0,0.0,0.0,0.0,0.0,0.0,0.0,0.0,0.0,0.0,0.0,0.0,0.0,0.0,0.0,40.0,20.0,22727.273,11363.637,54.0,60.0,58.0,2.828427,8.0,0.0,2.0,1.0,0.0,1.0,0.0,0.0,0.0,0.5,58.0,60.0,54.0,0.0,0.0,0.0,0.0,0.0,0.0,2.0,120.0,1.0,54.0,1024.0,0.0,2.0,20.0,0.0,0.0,0.0,0.0,0.0,0.0,0.0,0.0
44.0,31.0,2.0,1.0,120.0,54.0,60.0,60.0,60.0,0.0,54.0,54.0,54.0,0.0,5.612903e+06,96774.195,15.5,15.5,31.0,0.0,0.0,0.0,0.0,0.0,0.0,0.0,0.0,0.0,0.0,0.0,0.0,0.0,0.0,0.0,40.0,20.0,64516.13,32258.064,54.0,60.0,58.0,2.828427,8.0,0.0,2.0,1.0,0.0,1.0,0.0,0.0,0.0,0.5,58.0,60.0,54.0,0.0,0.0,0.0,0.0,0.0,0.0,2.0,120.0,1.0,54.0,1024.0,0.0,2.0,20.0,0.0,0.0,0.0,0.0,0.0,0.0,0.0,0.0
253.0,172.0,2.0,1.0,120.0,54.0,60.0,60.0,60.0,0.0,54.0,54.0,54.0,0.0,1.01162794e+06,17441.861,86.0,86.0,172.0,0.0,0.0,0.0,0.0,0.0,0.0,0.0,0.0,0.0,0.0,0.0,0.0,0.0,0.0,0.0,40.0,20.0,11627.907,5813.9536,54.0,60.0,58.0,2.828427,8.0,0.0,2.0,1.0,0.0,1.0,0.0,0.0,0.0,0.5,58.0,60.0,54.0,0.0,0.0,0.0,0.0,0.0,0.0,2.0,120.0,1.0,54.0,1024.0,0.0,2.0,20.0,0.0,0.0,0.0,0.0,0.0,0.0,0.0,0.0
40.0,30.0,2.0,1.0,120.0,54.0,60.0,60.0,60.0,0.0,54.0,54.0,54.0,0.0,5.8e+06,100000.0,15.0,15.0,30.0,0.0,0.0,0.0,0.0,0.0,0.0,0.0,0.0,0.0,0.0,0.0,0.0,0.0,0.0,0.0,40.0,20.0,66666.664,33333.332,54.0,60.0,58.0,2.828427,8.0,0.0,2.0,1.0,0.0,1.0,0.0,0.0,0.0,0.5,58.0,60.0,54.0,0.0,0.0,0.0,0.0,0.0,0.0,2.0,120.0,1.0,54.0,1024.0,0.0,2.0,20.0,0.0,0.0,0.0,0.0,0.0,0.0,0.0,0.0
155.0,33.0,2.0,1.0,120.0,54.0,60.0,60.0,60.0,0.0,54.0,54.0,54.0,0.0,5.2727275e+06,90909.09,16.5,16.5,33.0,0.0,0.0,0.0,0.0,0.0,0.0,0.0,0.0,0.0,0.0,0.0,0.0,0.0,0.0,0.0,40.0,20.0,60606.062,30303.031,54.0,60.0,58.0,2.828427,8.0,0.0,2.0,1.0,0.0,1.0,0.0,0.0,0.0,0.5,58.0,60.0,54.0,0.0,0.0,0.0,0.0,0.0,0.0,2.0,120.0,1.0,54.0,1024.0,0.0,2.0,20.0,0.0,0.0,0.0,0.0,0.0,0.0,0.0,0.0
458.0,33.0,2.0,1.0,120.0,54.0,60.0,60.0,60.0,0.0,54.0,54.0,54.0,0.0,5.2727275e+06,90909.09,16.5,16.5,33.0,0.0,0.0,0.0,0.0,0.0,0.0,0.0,0.0,0.0,0.0,0.0,0.0,0.0,0.0,0.0,40.0,20.0,60606.062,30303.031,54.0,60.0,58.0,2.828427,8.0,0.0,2.0,1.0,0.0,1.0,0.0,0.0,0.0,0.5,58.0,60.0,54.0,0.0,0.0,0.0,0.0,0.0,0.0,2.0,120.0,1.0,54.0,1024.0,0.0,2.0,20.0,0.0,0.0,0.0,0.0,0.0,0.0,0.0,0.0
425.0,32.0,2.0,1.0,120.0,54.0,60.0,60.0,60.0,0.0,54.0,54.0,54.0,0.0,5.4375e+06,93750.0,16.0,16.0,32.0,0.0,0.0,0.0,0.0,0.0,0.0,0.0,0.0,0.0,0.0,0.0,0.0,0.0,0.0,0.0,40.0,20.0,62500.0,31250.0,54.0,60.0,58.0,2.828427,8.0,0.0,2.0,1.0,0.0,1.0,0.0,0.0,0.0,0.5,58.0,60.0,54.0,0.0,0.0,0.0,0.0,0.0,0.0,2.0,120.0,1.0,54.0,1024.0,0.0,2.0,20.0,0.0,0.0,0.0,0.0,0.0,0.0,0.0,0.0
72.0,29.0,2.0,1.0,120.0,54.0,60.0,60.0,60.0,0.0,54.0,54.0,54.0,0.0,6e+06,103448.27,14.5,14.5,29.0,0.0,0.0,0.0,0.0,0.0,0.0,0.0,0.0,0.0,0.0,0.0,0.0,0.0,0.0,0.0,40.0,20.0,68965.516,34482.758,54.0,60.0,58.0,2.828427,8.0,0.0,2.0,1.0,0.0,1.0,0.0,0.0,0.0,0.5,58.0,60.0,54.0,0.0,0.0,0.0,0.0,0.0,0.0,2.0,120.0,1.0,54.0,1024.0,0.0,2.0,20.0,0.0,0.0,0.0,0.0,0.0,0.0,0.0,0.0
176.0,34.0,2.0,1.0,120.0,54.0,60.0,60.0,60.0,0.0,54.0,54.0,54.0,0.0,5.117647e+06,88235.3,17.0,17.0,34.0,0.0,0.0,0.0,0.0,0.0,0.0,0.0,0.0,0.0,0.0,0.0,0.0,0.0,0.0,0.0,40.0,20.0,58823.53,29411.766,54.0,60.0,58.0,2.828427,8.0,0.0,2.0,1.0,0.0,1.0,0.0,0.0,0.0,0.5,58.0,60.0,54.0,0.0,0.0,0.0,0.0,0.0,0.0,2.0,120.0,1.0,54.0,1024.0,0.0,2.0,20.0,0.0,0.0,0.0,0.0,0.0,0.0,0.0,0.0
151.0,45.0,2.0,1.0,120.0,54.0,60.0,60.0,60.0,0.0,54.0,54.0,54.0,0.0,3.8666668e+06,66666.664,22.5,22.5,45.0,0.0,0.0,0.0,0.0,0.0,0.0,0.0,0.0,0.0,0.0,0.0,0.0,0.0,0.0,0.0,40.0,20.0,44444.445,22222.223,54.0,60.0,58.0,2.828427,8.0,0.0,2.0,1.0,0.0,1.0,0.0,0.0,0.0,0.5,58.0,60.0,54.0,0.0,0.0,0.0,0.0,0.0,0.0,2.0,120.0,1.0,54.0,1024.0,0.0,2.0,20.0,0.0,0.0,0.0,0.0,0.0,0.0,0.0,0.0
1.0,29.0,2.0,1.0,120.0,54.0,60.0,60.0,60.0,0.0,54.0,54.0,54.0,0.0,6e+06,103448.27,14.5,14.5,29.0,0.0,0.0,0.0,0.0,0.0,0.0,0.0,0.0,0.0,0.0,0.0,0.0,0.0,0.0,0.0,40.0,20.0,68965.516,34482.758,54.0,60.0,58.0,2.828427,8.0,0.0,2.0,1.0,0.0,1.0,0.0,0.0,0.0,0.5,58.0,60.0,54.0,0.0,0.0,0.0,0.0,0.0,0.0,2.0,120.0,1.0,54.0,1024.0,0.0,2.0,20.0,0.0,0.0,0.0,0.0,0.0,0.0,0.0,0.0
116.0,32.0,2.0,1.0,120.0,54.0,60.0,60.0,60.0,0.0,54.0,54.0,54.0,0.0,5.4375e+06,93750.0,16.0,16.0,32.0,0.0,0.0,0.0,0.0,0.0,0.0,0.0,0.0,0.0,0.0,0.0,0.0,0.0,0.0,0.0,40.0,20.0,62500.0,31250.0,54.0,60.0,58.0,2.828427,8.0,0.0,2.0,1.0,0.0,1.0,0.0,0.0,0.0,0.5,58.0,60.0,54.0,0.0,0.0,0.0,0.0,0.0,0.0,2.0,120.0,1.0,54.0,1024.0,0.0,2.0,20.0,0.0,0.0,0.0,0.0,0.0,0.0,0.0,0.0
493.0,32.0,2.0,1.0,120.0,54.0,60.0,60.0,60.0,0.0,54.0,54.0,54.0,0.0,5.4375e+06,93750.0,16.0,16.0,32.0,0.0,0.0,0.0,0.0,0.0,0.0,0.0,0.0,0.0,0.0,0.0,0.0,0.0,0.0,0.0,40.0,20.0,62500.0,31250.0,54.0,60.0,58.0,2.828427,8.0,0.0,2.0,1.0,0.0,1.0,0.0,0.0,0.0,0.5,58.0,60.0,54.0,0.0,0.0,0.0,0.0,0.0,0.0,2.0,120.0,1.0,54.0,1024.0,0.0,2.0,20.0,0.0,0.0,0.0,0.0,0.0,0.0,0.0,0.0
31.0,34.0,2.0,1.0,120.0,54.0,60.0,60.0,60.0,0.0,54.0,54.0,54.0,0.0,5.117647e+06,88235.3,17.0,17.0,34.0,0.0,0.0,0.0,0.0,0.0,0.0,0.0,0.0,0.0,0.0,0.0,0.0,0.0,0.0,0.0,40.0,20.0,58823.53,29411.766,54.0,60.0,58.0,2.828427,8.0,0.0,2.0,1.0,0.0,1.0,0.0,0.0,0.0,0.5,58.0,60.0,54.0,0.0,0.0,0.0,0.0,0.0,0.0,2.0,120.0,1.0,54.0,1024.0,0.0,2.0,20.0,0.0,0.0,0.0,0.0,0.0,0.0,0.0,0.0
375.0,41.0,2.0,1.0,120.0,54.0,60.0,60.0,60.0,0.0,54.0,54.0,54.0,0.0,4.2439025e+06,73170.734,20.5,20.5,41.0,0.0,0.0,0.0,0.0,0.0,0.0,0.0,0.0,0.0,0.0,0.0,0.0,0.0,0.0,0.0,40.0,20.0,48780.49,24390.244,54.0,60.0,58.0,2.828427,8.0,0.0,2.0,1.0,0.0,1.0,0.0,0.0,0.0,0.5,58.0,60.0,54.0,0.0,0.0,0.0,0.0,0.0,0.0,2.0,120.0,1.0,54.0,1024.0,0.0,2.0,20.0,0.0,0.0,0.0,0.0,0.0,0.0,0.0,0.0
52.0,36.0,2.0,1.0,120.0,54.0,60.0,60.0,60.0,0.0,54.0,54.0,54.0,0.0,4.8333335e+06,83333.336,18.0,18.0,36.0,0.0,0.0,0.0,0.0,0.0,0.0,0.0,0.0,0.0,0.0,0.0,0.0,0.0,0.0,0.0,40.0,20.0,55555.555,27777.777,54.0,60.0,58.0,2.828427,8.0,0.0,2.0,1.0,0.0,1.0,0.0,0.0,0.0,0.5,58.0,60.0,54.0,0.0,0.0,0.0,0.0,0.0,0.0,2.0,120.0,1.0,54.0,1024.0,0.0,2.0,20.0,0.0,0.0,0.0,0.0,0.0,0.0,0.0,0.0
389.0,33.0,2.0,1.0,120.0,54.0,60.0,60.0,60.0,0.0,54.0,54.0,54.0,0.0,5.2727275e+06,90909.09,16.5,16.5,33.0,0.0,0.0,0.0,0.0,0.0,0.0,0.0,0.0,0.0,0.0,0.0,0.0,0.0,0.0,0.0,40.0,20.0,60606.062,30303.031,54.0,60.0,58.0,2.828427,8.0,0.0,2.0,1.0,0.0,1.0,0.0,0.0,0.0,0.5,58.0,60.0,54.0,0.0,0.0,0.0,0.0,0.0,0.0,2.0,120.0,1.0,54.0,1024.0,0.0,2.0,20.0,0.0,0.0,0.0,0.0,0.0,0.0,0.0,0.0
98.0,37.0,2.0,1.0,120.0,54.0,60.0,60.0,60.0,0.0,54.0,54.0,54.0,0.0,4.7027025e+06,81081.08,18.5,18.5,37.0,0.0,0.0,0.0,0.0,0.0,0.0,0.0,0.0,0.0,0.0,0.0,0.0,0.0,0.0,0.0,40.0,20.0,54054.055,27027.027,54.0,60.0,58.0,2.828427,8.0,0.0,2.0,1.0,0.0,1.0,0.0,0.0,0.0,0.5,58.0,60.0,54.0,0.0,0.0,0.0,0.0,0.0,0.0,2.0,120.0,1.0,54.0,1024.0,0.0,2.0,20.0,0.0,0.0,0.0,0.0,0.0,0.0,0.0,0.0
35.0,36.0,2.0,1.0,120.0,54.0,60.0,60.0,60.0,0.0,54.0,54.0,54.0,0.0,4.8333335e+06,83333.336,18.0,18.0,36.0,0.0,0.0,0.0,0.0,0.0,0.0,0.0,0.0,0.0,0.0,0.0,0.0,0.0,0.0,0.0,40.0,20.0,55555.555,27777.777,54.0,60.0,58.0,2.828427,8.0,0.0,2.0,1.0,0.0,1.0,0.0,0.0,0.0,0.5,58.0,60.0,54.0,0.0,0.0,0.0,0.0,0.0,0.0,2.0,120.0,1.0,54.0,1024.0,0.0,2.0,20.0,0.0,0.0,0.0,0.0,0.0,0.0,0.0,0.0
212.0,29.0,2.0,1.0,120.0,54.0,60.0,60.0,60.0,0.0,54.0,54.0,54.0,0.0,6e+06,103448.27,14.5,14.5,29.0,0.0,0.0,0.0,0.0,0.0,0.0,0.0,0.0,0.0,0.0,0.0,0.0,0.0,0.0,0.0,40.0,20.0,68965.516,34482.758,54.0,60.0,58.0,2.828427,8.0,0.0,2.0,1.0,0.0,1.0,0.0,0.0,0.0,0.5,58.0,60.0,54.0,0.0,0.0,0.0,0.0,0.0,0.0,2.0,120.0,1.0,54.0,1024.0,0.0,2.0,20.0,0.0,0.0,0.0,0.0,0.0,0.0,0.0,0.0
204.0,31.0,2.0,1.0,120.0,54.0,60.0,60.0,60.0,0.0,54.0,54.0,54.0,0.0,5.612903e+06,96774.195,15.5,15.5,31.0,0.0,0.0,0.0,0.0,0.0,0.0,0.0,0.0,0.0,0.0,0.0,0.0,0.0,0.0,0.0,40.0,20.0,64516.13,32258.064,54.0,60.0,58.0,2.828427,8.0,0.0,2.0,1.0,0.0,1.0,0.0,0.0,0.0,0.5,58.0,60.0,54.0,0.0,0.0,0.0,0.0,0.0,0.0,2.0,120.0,1.0,54.0,1024.0,0.0,2.0,20.0,0.0,0.0,0.0,0.0,0.0,0.0,0.0,0.0
434.0,29.0,2.0,1.0,120.0,54.0,60.0,60.0,60.0,0.0,54.0,54.0,54.0,0.0,6e+06,103448.27,14.5,14.5,29.0,0.0,0.0,0.0,0.0,0.0,0.0,0.0,0.0,0.0,0.0,0.0,0.0,0.0,0.0,0.0,40.0,20.0,68965.516,34482.758,54.0,60.0,58.0,2.828427,8.0,0.0,2.0,1.0,0.0,1.0,0.0,0.0,0.0,0.5,58.0,60.0,54.0,0.0,0.0,0.0,0.0,0.0,0.0,2.0,120.0,1.0,54.0,1024.0,0.0,2.0,20.0,0.0,0.0,0.0,0.0,0.0,0.0,0.0,0.0
465.0,31.0,2.0,1.0,120.0,54.0,60.0,60.0,60.0,0.0,54.0,54.0,54.0,0.0,5.612903e+06,96774.195,15.5,15.5,31.0,0.0,0.0,0.0,0.0,0.0,0.0,0.0,0.0,0.0,0.0,0.0,0.0,0.0,0.0,0.0,40.0,20.0,64516.13,32258.064,54.0,60.0,58.0,2.828427,8.0,0.0,2.0,1.0,0.0,1.0,0.0,0.0,0.0,0.5,58.0,60.0,54.0,0.0,0.0,0.0,0.0,0.0,0.0,2.0,120.0,1.0,54.0,1024.0,0.0,2.0,20.0,0.0,0.0,0.0,0.0,0.0,0.0,0.0,0.0
427.0,36.0,2.0,1.0,120.0,54.0,60.0,60.0,60.0,0.0,54.0,54.0,54.0,0.0,4.8333335e+06,83333.336,18.0,18.0,36.0,0.0,0.0,0.0,0.0,0.0,0.0,0.0,0.0,0.0,0.0,0.0,0.0,0.0,0.0,0.0,40.0,20.0,55555.555,27777.777,54.0,60.0,58.0,2.828427,8.0,0.0,2.0,1.0,0.0,1.0,0.0,0.0,0.0,0.5,58.0,60.0,54.0,0.0,0.0,0.0,0.0,0.0,0.0,2.0,120.0,1.0,54.0,1024.0,0.0,2.0,20.0,0.0,0.0,0.0,0.0,0.0,0.0,0.0,0.0
469.0,130.0,2.0,1.0,120.0,54.0,60.0,60.0,60.0,0.0,54.0,54.0,54.0,0.0,1.3384615e+06,23076.924,65.0,65.0,130.0,0.0,0.0,0.0,0.0,0.0,0.0,0.0,0.0,0.0,0.0,0.0,0.0,0.0,0.0,0.0,40.0,20.0,15384.615,7692.3076,54.0,60.0,58.0,2.828427,8.0,0.0,2.0,1.0,0.0,1.0,0.0,0.0,0.0,0.5,58.0,60.0,54.0,0.0,0.0,0.0,0.0,0.0,0.0,2.0,120.0,1.0,54.0,1024.0,0.0,2.0,20.0,0.0,0.0,0.0,0.0,0.0,0.0,0.0,0.0
24.0,30.0,2.0,1.0,120.0,54.0,60.0,60.0,60.0,0.0,54.0,54.0,54.0,0.0,5.8e+06,100000.0,15.0,15.0,30.0,0.0,0.0,0.0,0.0,0.0,0.0,0.0,0.0,0.0,0.0,0.0,0.0,0.0,0.0,0.0,40.0,20.0,66666.664,33333.332,54.0,60.0,58.0,2.828427,8.0,0.0,2.0,1.0,0.0,1.0,0.0,0.0,0.0,0.5,58.0,60.0,54.0,0.0,0.0,0.0,0.0,0.0,0.0,2.0,120.0,1.0,54.0,1024.0,0.0,2.0,20.0,0.0,0.0,0.0,0.0,0.0,0.0,0.0,0.0
51.0,30.0,2.0,1.0,120.0,54.0,60.0,60.0,60.0,0.0,54.0,54.0,54.0,0.0,5.8e+06,100000.0,15.0,15.0,30.0,0.0,0.0,0.0,0.0,0.0,0.0,0.0,0.0,0.0,0.0,0.0,0.0,0.0,0.0,0.0,40.0,20.0,66666.664,33333.332,54.0,60.0,58.0,2.828427,8.0,0.0,2.0,1.0,0.0,1.0,0.0,0.0,0.0,0.5,58.0,60.0,54.0,0.0,0.0,0.0,0.0,0.0,0.0,2.0,120.0,1.0,54.0,1024.0,0.0,2.0,20.0,0.0,0.0,0.0,0.0,0.0,0.0,0.0,0.0
246.0,31.0,2.0,1.0,120.0,54.0,60.0,60.0,60.0,0.0,54.0,54.0,54.0,0.0,5.612903e+06,96774.195,15.5,15.5,31.0,0.0,0.0,0.0,0.0,0.0,0.0,0.0,0.0,0.0,0.0,0.0,0.0,0.0,0.0,0.0,40.0,20.0,64516.13,32258.064,54.0,60.0,58.0,2.828427,8.0,0.0,2.0,1.0,0.0,1.0,0.0,0.0,0.0,0.5,58.0,60.0,54.0,0.0,0.0,0.0,0.0,0.0,0.0,2.0,120.0,1.0,54.0,1024.0,0.0,2.0,20.0,0.0,0.0,0.0,0.0,0.0,0.0,0.0,0.0
207.0,38.0,2.0,1.0,120.0,54.0,60.0,60.0,60.0,0.0,54.0,54.0,54.0,0.0,4.5789475e+06,78947.37,19.0,19.0,38.0,0.0,0.0,0.0,0.0,0.0,0.0,0.0,0.0,0.0,0.0,0.0,0.0,0.0,0.0,0.0,40.0,20.0,52631.58,26315.79,54.0,60.0,58.0,2.828427,8.0,0.0,2.0,1.0,0.0,1.0,0.0,0.0,0.0,0.5,58.0,60.0,54.0,0.0,0.0,0.0,0.0,0.0,0.0,2.0,120.0,1.0,54.0,1024.0,0.0,2.0,20.0,0.0,0.0,0.0,0.0,0.0,0.0,0.0,0.0
275.0,28.0,2.0,1.0,120.0,54.0,60.0,60.0,60.0,0.0,54.0,54.0,54.0,0.0,6.2142855e+06,107142.86,14.0,14.0,28.0,0.0,0.0,0.0,0.0,0.0,0.0,0.0,0.0,0.0,0.0,0.0,0.0,0.0,0.0,0.0,40.0,20.0,71428.57,35714.285,54.0,60.0,58.0,2.828427,8.0,0.0,2.0,1.0,0.0,1.0,0.0,0.0,0.0,0.5,58.0,60.0,54.0,0.0,0.0,0.0,0.0,0.0,0.0,2.0,120.0,1.0,54.0,1024.0,0.0,2.0,20.0,0.0,0.0,0.0,0.0,0.0,0.0,0.0,0.0
211.0,40.0,2.0,1.0,120.0,54.0,60.0,60.0,60.0,0.0,54.0,54.0,54.0,0.0,4.35e+06,75000.0,20.0,20.0,40.0,0.0,0.0,0.0,0.0,0.0,0.0,0.0,0.0,0.0,0.0,0.0,0.0,0.0,0.0,0.0,40.0,20.0,50000.0,25000.0,54.0,60.0,58.0,2.828427,8.0,0.0,2.0,1.0,0.0,1.0,0.0,0.0,0.0,0.5,58.0,60.0,54.0,0.0,0.0,0.0,0.0,0.0,0.0,2.0,120.0,1.0,54.0,1024.0,0.0,2.0,20.0,0.0,0.0,0.0,0.0,0.0,0.0,0.0,0.0
340.0,29.0,2.0,1.0,120.0,54.0,60.0,60.0,60.0,0.0,54.0,54.0,54.0,0.0,6e+06,103448.27,14.5,14.5,29.0,0.0,0.0,0.0,0.0,0.0,0.0,0.0,0.0,0.0,0.0,0.0,0.0,0.0,0.0,0.0,40.0,20.0,68965.516,34482.758,54.0,60.0,58.0,2.828427,8.0,0.0,2.0,1.0,0.0,1.0,0.0,0.0,0.0,0.5,58.0,60.0,54.0,0.0,0.0,0.0,0.0,0.0,0.0,2.0,120.0,1.0,54.0,1024.0,0.0,2.0,20.0,0.0,0.0,0.0,0.0,0.0,0.0,0.0,0.0
42.0,30.0,2.0,1.0,120.0,54.0,60.0,60.0,60.0,0.0,54.0,54.0,54.0,0.0,5.8e+06,100000.0,15.0,15.0,30.0,0.0,0.0,0.0,0.0,0.0,0.0,0.0,0.0,0.0,0.0,0.0,0.0,0.0,0.0,0.0,40.0,20.0,66666.664,33333.332,54.0,60.0,58.0,2.828427,8.0,0.0,2.0,1.0,0.0,1.0,0.0,0.0,0.0,0.5,58.0,60.0,54.0,0.0,0.0,0.0,0.0,0.0,0.0,2.0,120.0,1.0,54.0,1024.0,0.0,2.0,20.0,0.0,0.0,0.0,0.0,0.0,0.0,0.0,0.0
364.0,32.0,2.0,1.0,120.0,54.0,60.0,60.0,60.0,0.0,54.0,54.0,54.0,0.0,5.4375e+06,93750.0,16.0,16.0,32.0,0.0,0.0,0.0,0.0,0.0,0.0,0.0,0.0,0.0,0.0,0.0,0.0,0.0,0.0,0.0,40.0,20.0,62500.0,31250.0,54.0,60.0,58.0,2.828427,8.0,0.0,2.0,1.0,0.0,1.0,0.0,0.0,0.0,0.5,58.0,60.0,54.0,0.0,0.0,0.0,0.0,0.0,0.0,2.0,120.0,1.0,54.0,1024.0,0.0,2.0,20.0,0.0,0.0,0.0,0.0,0.0,0.0,0.0,0.0
183.0,31.0,2.0,1.0,120.0,54.0,60.0,60.0,60.0,0.0,54.0,54.0,54.0,0.0,5.612903e+06,96774.195,15.5,15.5,31.0,0.0,0.0,0.0,0.0,0.0,0.0,0.0,0.0,0.0,0.0,0.0,0.0,0.0,0.0,0.0,40.0,20.0,64516.13,32258.064,54.0,60.0,58.0,2.828427,8.0,0.0,2.0,1.0,0.0,1.0,0.0,0.0,0.0,0.5,58.0,60.0,54.0,0.0,0.0,0.0,0.0,0.0,0.0,2.0,120.0,1.0,54.0,1024.0,0.0,2.0,20.0,0.0,0.0,0.0,0.0,0.0,0.0,0.0,0.0
451.0,35.0,2.0,1.0,120.0,54.0,60.0,60.0,60.0,0.0,54.0,54.0,54.0,0.0,4.9714285e+06,85714.29,17.5,17.5,35.0,0.0,0.0,0.0,0.0,0.0,0.0,0.0,0.0,0.0,0.0,0.0,0.0,0.0,0.0,0.0,40.0,20.0,57142.855,28571.428,54.0,60.0,58.0,2.828427,8.0,0.0,2.0,1.0,0.0,1.0,0.0,0.0,0.0,0.5,58.0,60.0,54.0,0.0,0.0,0.0,0.0,0.0,0.0,2.0,120.0,1.0,54.0,1024.0,0.0,2.0,20.0,0.0,0.0,0.0,0.0,0.0,0.0,0.0,0.0
344.0,31.0,2.0,1.0,120.0,54.0,60.0,60.0,60.0,0.0,54.0,54.0,54.0,0.0,5.612903e+06,96774.195,15.5,15.5,31.0,0.0,0.0,0.0,0.0,0.0,0.0,0.0,0.0,0.0,0.0,0.0,0.0,0.0,0.0,0.0,40.0,20.0,64516.13,32258.064,54.0,60.0,58.0,2.828427,8.0,0.0,2.0,1.0,0.0,1.0,0.0,0.0,0.0,0.5,58.0,60.0,54.0,0.0,0.0,0.0,0.0,0.0,0.0,2.0,120.0,1.0,54.0,1024.0,0.0,2.0,20.0,0.0,0.0,0.0,0.0,0.0,0.0,0.0,0.0
268.0,36.0,2.0,1.0,120.0,54.0,60.0,60.0,60.0,0.0,54.0,54.0,54.0,0.0,4.8333335e+06,83333.336,18.0,18.0,36.0,0.0,0.0,0.0,0.0,0.0,0.0,0.0,0.0,0.0,0.0,0.0,0.0,0.0,0.0,0.0,40.0,20.0,55555.555,27777.777,54.0,60.0,58.0,2.828427,8.0,0.0,2.0,1.0,0.0,1.0,0.0,0.0,0.0,0.5,58.0,60.0,54.0,0.0,0.0,0.0,0.0,0.0,0.0,2.0,120.0,1.0,54.0,1024.0,0.0,2.0,20.0,0.0,0.0,0.0,0.0,0.0,0.0,0.0,0.0
216.0,30.0,2.0,1.0,120.0,54.0,60.0,60.0,60.0,0.0,54.0,54.0,54.0,0.0,5.8e+06,100000.0,15.0,15.0,30.0,0.0,0.0,0.0,0.0,0.0,0.0,0.0,0.0,0.0,0.0,0.0,0.0,0.0,0.0,0.0,40.0,20.0,66666.664,33333.332,54.0,60.0,58.0,2.828427,8.0,0.0,2.0,1.0,0.0,1.0,0.0,0.0,0.0,0.5,58.0,60.0,54.0,0.0,0.0,0.0,0.0,0.0,0.0,2.0,120.0,1.0,54.0,1024.0,0.0,2.0,20.0,0.0,0.0,0.0,0.0,0.0,0.0,0.0,0.0
452.0,30.0,2.0,1.0,120.0,54.0,60.0,60.0,60.0,0.0,54.0,54.0,54.0,0.0,5.8e+06,100000.0,15.0,15.0,30.0,0.0,0.0,0.0,0.0,0.0,0.0,0.0,0.0,0.0,0.0,0.0,0.0,0.0,0.0,0.0,40.0,20.0,66666.664,33333.332,54.0,60.0,58.0,2.828427,8.0,0.0,2.0,1.0,0.0,1.0,0.0,0.0,0.0,0.5,58.0,60.0,54.0,0.0,0.0,0.0,0.0,0.0,0.0,2.0,120.0,1.0,54.0,1024.0,0.0,2.0,20.0,0.0,0.0,0.0,0.0,0.0,0.0,0.0,0.0
161.0,33.0,2.0,1.0,120.0,54.0,60.0,60.0,60.0,0.0,54.0,54.0,54.0,0.0,5.2727275e+06,90909.09,16.5,16.5,33.0,0.0,0.0,0.0,0.0,0.0,0.0,0.0,0.0,0.0,0.0,0.0,0.0,0.0,0.0,0.0,40.0,20.0,60606.062,30303.031,54.0,60.0,58.0,2.828427,8.0,0.0,2.0,1.0,0.0,1.0,0.0,0.0,0.0,0.5,58.0,60.0,54.0,0.0,0.0,0.0,0.0,0.0,0.0,2.0,120.0,1.0,54.0,1024.0,0.0,2.0,20.0,0.0,0.0,0.0,0.0,0.0,0.0,0.0,0.0
435.0,39.0,2.0,1.0,120.0,54.0,60.0,60.0,60.0,0.0,54.0,54.0,54.0,0.0,4.4615385e+06,76923.08,19.5,19.5,39.0,0.0,0.0,0.0,0.0,0.0,0.0,0.0,0.0,0.0,0.0,0.0,0.0,0.0,0.0,0.0,40.0,20.0,51282.05,25641.025,54.0,60.0,58.0,2.828427,8.0,0.0,2.0,1.0,0.0,1.0,0.0,0.0,0.0,0.5,58.0,60.0,54.0,0.0,0.0,0.0,0.0,0.0,0.0,2.0,120.0,1.0,54.0,1024.0,0.0,2.0,20.0,0.0,0.0,0.0,0.0,0.0,0.0,0.0,0.0
2.0,37.0,2.0,1.0,120.0,54.0,60.0,60.0,60.0,0.0,54.0,54.0,54.0,0.0,4.7027025e+06,81081.08,18.5,18.5,37.0,0.0,0.0,0.0,0.0,0.0,0.0,0.0,0.0,0.0,0.0,0.0,0.0,0.0,0.0,0.0,40.0,20.0,54054.055,27027.027,54.0,60.0,58.0,2.828427,8.0,0.0,2.0,1.0,0.0,1.0,0.0,0.0,0.0,0.5,58.0,60.0,54.0,0.0,0.0,0.0,0.0,0.0,0.0,2.0,120.0,1.0,54.0,1024.0,0.0,2.0,20.0,0.0,0.0,0.0,0.0,0.0,0.0,0.0,0.0
324.0,36.0,2.0,1.0,120.0,54.0,60.0,60.0,60.0,0.0,54.0,54.0,54.0,0.0,4.8333335e+06,83333.336,18.0,18.0,36.0,0.0,0.0,0.0,0.0,0.0,0.0,0.0,0.0,0.0,0.0,0.0,0.0,0.0,0.0,0.0,40.0,20.0,55555.555,27777.777,54.0,60.0,58.0,2.828427,8.0,0.0,2.0,1.0,0.0,1.0,0.0,0.0,0.0,0.5,58.0,60.0,54.0,0.0,0.0,0.0,0.0,0.0,0.0,2.0,120.0,1.0,54.0,1024.0,0.0,2.0,20.0,0.0,0.0,0.0,0.0,0.0,0.0,0.0,0.0
404.0,36.0,2.0,1.0,120.0,54.0,60.0,60.0,60.0,0.0,54.0,54.0,54.0,0.0,4.8333335e+06,83333.336,18.0,18.0,36.0,0.0,0.0,0.0,0.0,0.0,0.0,0.0,0.0,0.0,0.0,0.0,0.0,0.0,0.0,0.0,40.0,20.0,55555.555,27777.777,54.0,60.0,58.0,2.828427,8.0,0.0,2.0,1.0,0.0,1.0,0.0,0.0,0.0,0.5,58.0,60.0,54.0,0.0,0.0,0.0,0.0,0.0,0.0,2.0,120.0,1.0,54.0,1024.0,0.0,2.0,20.0,0.0,0.0,0.0,0.0,0.0,0.0,0.0,0.0
292.0,29.0,2.0,1.0,120.0,54.0,60.0,60.0,60.0,0.0,54.0,54.0,54.0,0.0,6e+06,103448.27,14.5,14.5,29.0,0.0,0.0,0.0,0.0,0.0,0.0,0.0,0.0,0.0,0.0,0.0,0.0,0.0,0.0,0.0,40.0,20.0,68965.516,34482.758,54.0,60.0,58.0,2.828427,8.0,0.0,2.0,1.0,0.0,1.0,0.0,0.0,0.0,0.5,58.0,60.0,54.0,0.0,0.0,0.0,0.0,0.0,0.0,2.0,120.0,1.0,54.0,1024.0,0.0,2.0,20.0,0.0,0.0,0.0,0.0,0.0,0.0,0.0,0.0
240.0,29.0,2.0,1.0,120.0,54.0,60.0,60.0,60.0,0.0,54.0,54.0,54.0,0.0,6e+06,103448.27,14.5,14.5,29.0,0.0,0.0,0.0,0.0,0.0,0.0,0.0,0.0,0.0,0.0,0.0,0.0,0.0,0.0,0.0,40.0,20.0,68965.516,34482.758,54.0,60.0,58.0,2.828427,8.0,0.0,2.0,1.0,0.0,1.0,0.0,0.0,0.0,0.5,58.0,60.0,54.0,0.0,0.0,0.0,0.0,0.0,0.0,2.0,120.0,1.0,54.0,1024.0,0.0,2.0,20.0,0.0,0.0,0.0,0.0,0.0,0.0,0.0,0.0
169.0,29.0,2.0,1.0,120.0,54.0,60.0,60.0,60.0,0.0,54.0,54.0,54.0,0.0,6e+06,103448.27,14.5,14.5,29.0,0.0,0.0,0.0,0.0,0.0,0.0,0.0,0.0,0.0,0.0,0.0,0.0,0.0,0.0,0.0,40.0,20.0,68965.516,34482.758,54.0,60.0,58.0,2.828427,8.0,0.0,2.0,1.0,0.0,1.0,0.0,0.0,0.0,0.5,58.0,60.0,54.0,0.0,0.0,0.0,0.0,0.0,0.0,2.0,120.0,1.0,54.0,1024.0,0.0,2.0,20.0,0.0,0.0,0.0,0.0,0.0,0.0,0.0,0.0
231.0,40.0,2.0,1.0,120.0,54.0,60.0,60.0,60.0,0.0,54.0,54.0,54.0,0.0,4.35e+06,75000.0,20.0,20.0,40.0,0.0,0.0,0.0,0.0,0.0,0.0,0.0,0.0,0.0,0.0,0.0,0.0,0.0,0.0,0.0,40.0,20.0,50000.0,25000.0,54.0,60.0,58.0,2.828427,8.0,0.0,2.0,1.0,0.0,1.0,0.0,0.0,0.0,0.5,58.0,60.0,54.0,0.0,0.0,0.0,0.0,0.0,0.0,2.0,120.0,1.0,54.0,1024.0,0.0,2.0,20.0,0.0,0.0,0.0,0.0,0.0,0.0,0.0,0.0
401.0,35.0,2.0,1.0,120.0,54.0,60.0,60.0,60.0,0.0,54.0,54.0,54.0,0.0,4.9714285e+06,85714.29,17.5,17.5,35.0,0.0,0.0,0.0,0.0,0.0,0.0,0.0,0.0,0.0,0.0,0.0,0.0,0.0,0.0,0.0,40.0,20.0,57142.855,28571.428,54.0,60.0,58.0,2.828427,8.0,0.0,2.0,1.0,0.0,1.0,0.0,0.0,0.0,0.5,58.0,60.0,54.0,0.0,0.0,0.0,0.0,0.0,0.0,2.0,120.0,1.0,54.0,1024.0,0.0,2.0,20.0,0.0,0.0,0.0,0.0,0.0,0.0,0.0,0.0
201.0,37.0,2.0,1.0,120.0,54.0,60.0,60.0,60.0,0.0,54.0,54.0,54.0,0.0,4.7027025e+06,81081.08,18.5,18.5,37.0,0.0,0.0,0.0,0.0,0.0,0.0,0.0,0.0,0.0,0.0,0.0,0.0,0.0,0.0,0.0,40.0,20.0,54054.055,27027.027,54.0,60.0,58.0,2.828427,8.0,0.0,2.0,1.0,0.0,1.0,0.0,0.0,0.0,0.5,58.0,60.0,54.0,0.0,0.0,0.0,0.0,0.0,0.0,2.0,120.0,1.0,54.0,1024.0,0.0,2.0,20.0,0.0,0.0,0.0,0.0,0.0,0.0,0.0,0.0
409.0,37.0,2.0,1.0,120.0,54.0,60.0,60.0,60.0,0.0,54.0,54.0,54.0,0.0,4.7027025e+06,81081.08,18.5,18.5,37.0,0.0,0.0,0.0,0.0,0.0,0.0,0.0,0.0,0.0,0.0,0.0,0.0,0.0,0.0,0.0,40.0,20.0,54054.055,27027.027,54.0,60.0,58.0,2.828427,8.0,0.0,2.0,1.0,0.0,1.0,0.0,0.0,0.0,0.5,58.0,60.0,54.0,0.0,0.0,0.0,0.0,0.0,0.0,2.0,120.0,1.0,54.0,1024.0,0.0,2.0,20.0,0.0,0.0,0.0,0.0,0.0,0.0,0.0,0.0
71.0,53.0,2.0,1.0,120.0,54.0,60.0,60.0,60.0,0.0,54.0,54.0,54.0,0.0,3.2830188e+06,56603.773,26.5,26.5,53.0,0.0,0.0,0.0,0.0,0.0,0.0,0.0,0.0,0.0,0.0,0.0,0.0,0.0,0.0,0.0,40.0,20.0,37735.848,18867.924,54.0,60.0,58.0,2.828427,8.0,0.0,2.0,1.0,0.0,1.0,0.0,0.0,0.0,0.5,58.0,60.0,54.0,0.0,0.0,0.0,0.0,0.0,0.0,2.0,120.0,1.0,54.0,1024.0,0.0,2.0,20.0,0.0,0.0,0.0,0.0,0.0,0.0,0.0,0.0
298.0,29.0,2.0,1.0,120.0,54.0,60.0,60.0,60.0,0.0,54.0,54.0,54.0,0.0,6e+06,103448.27,14.5,14.5,29.0,0.0,0.0,0.0,0.0,0.0,0.0,0.0,0.0,0.0,0.0,0.0,0.0,0.0,0.0,0.0,40.0,20.0,68965.516,34482.758,54.0,60.0,58.0,2.828427,8.0,0.0,2.0,1.0,0.0,1.0,0.0,0.0,0.0,0.5,58.0,60.0,54.0,0.0,0.0,0.0,0.0,0.0,0.0,2.0,120.0,1.0,54.0,1024.0,0.0,2.0,20.0,0.0,0.0,0.0,0.0,0.0,0.0,0.0,0.0
60.0,29.0,2.0,1.0,120.0,54.0,60.0,60.0,60.0,0.0,54.0,54.0,54.0,0.0,6e+06,103448.27,14.5,14.5,29.0,0.0,0.0,0.0,0.0,0.0,0.0,0.0,0.0,0.0,0.0,0.0,0.0,0.0,0.0,0.0,40.0,20.0,68965.516,34482.758,54.0,60.0,58.0,2.828427,8.0,0.0,2.0,1.0,0.0,1.0,0.0,0.0,0.0,0.5,58.0,60.0,54.0,0.0,0.0,0.0,0.0,0.0,0.0,2.0,120.0,1.0,54.0,1024.0,0.0,2.0,20.0,0.0,0.0,0.0,0.0,0.0,0.0,0.0,0.0
439.0,36.0,2.0,1.0,120.0,54.0,60.0,60.0,60.0,0.0,54.0,54.0,54.0,0.0,4.8333335e+06,83333.336,18.0,18.0,36.0,0.0,0.0,0.0,0.0,0.0,0.0,0.0,0.0,0.0,0.0,0.0,0.0,0.0,0.0,0.0,40.0,20.0,55555.555,27777.777,54.0,60.0,58.0,2.828427,8.0,0.0,2.0,1.0,0.0,1.0,0.0,0.0,0.0,0.5,58.0,60.0,54.0,0.0,0.0,0.0,0.0,0.0,0.0,2.0,120.0,1.0,54.0,1024.0,0.0,2.0,20.0,0.0,0.0,0.0,0.0,0.0,0.0,0.0,0.0
350.0,104.0,2.0,1.0,120.0,54.0,60.0,60.0,60.0,0.0,54.0,54.0,54.0,0.0,1.6730769e+06,28846.154,52.0,52.0,104.0,0.0,0.0,0.0,0.0,0.0,0.0,0.0,0.0,0.0,0.0,0.0,0.0,0.0,0.0,0.0,40.0,20.0,19230.77,9615.385,54.0,60.0,58.0,2.828427,8.0,0.0,2.0,1.0,0.0,1.0,0.0,0.0,0.0,0.5,58.0,60.0,54.0,0.0,0.0,0.0,0.0,0.0,0.0,2.0,120.0,1.0,54.0,1024.0,0.0,2.0,20.0,0.0,0.0,0.0,0.0,0.0,0.0,0.0,0.0
11.0,29.0,2.0,1.0,120.0,54.0,60.0,60.0,60.0,0.0,54.0,54.0,54.0,0.0,6e+06,103448.27,14.5,14.5,29.0,0.0,0.0,0.0,0.0,0.0,0.0,0.0,0.0,0.0,0.0,0.0,0.0,0.0,0.0,0.0,40.0,20.0,68965.516,34482.758,54.0,60.0,58.0,2.828427,8.0,0.0,2.0,1.0,0.0,1.0,0.0,0.0,0.0,0.5,58.0,60.0,54.0,0.0,0.0,0.0,0.0,0.0,0.0,2.0,120.0,1.0,54.0,1024.0,0.0,2.0,20.0,0.0,0.0,0.0,0.0,0.0,0.0,0.0,0.0
87.0,116.0,2.0,1.0,120.0,54.0,60.0,60.0,60.0,0.0,54.0,54.0,54.0,0.0,1.5e+06,25862.068,58.0,58.0,116.0,0.0,0.0,0.0,0.0,0.0,0.0,0.0,0.0,0.0,0.0,0.0,0.0,0.0,0.0,0.0,40.0,20.0,17241.379,8620.689,54.0,60.0,58.0,2.828427,8.0,0.0,2.0,1.0,0.0,1.0,0.0,0.0,0.0,0.5,58.0,60.0,54.0,0.0,0.0,0.0,0.0,0.0,0.0,2.0,120.0,1.0,54.0,1024.0,0.0,2.0,20.0,0.0,0.0,0.0,0.0,0.0,0.0,0.0,0.0
357.0,34.0,2.0,1.0,120.0,54.0,60.0,60.0,60.0,0.0,54.0,54.0,54.0,0.0,5.117647e+06,88235.3,17.0,17.0,34.0,0.0,0.0,0.0,0.0,0.0,0.0,0.0,0.0,0.0,0.0,0.0,0.0,0.0,0.0,0.0,40.0,20.0,58823.53,29411.766,54.0,60.0,58.0,2.828427,8.0,0.0,2.0,1.0,0.0,1.0,0.0,0.0,0.0,0.5,58.0,60.0,54.0,0.0,0.0,0.0,0.0,0.0,0.0,2.0,120.0,1.0,54.0,1024.0,0.0,2.0,20.0,0.0,0.0,0.0,0.0,0.0,0.0,0.0,0.0
97.0,64.0,2.0,1.0,120.0,54.0,60.0,60.0,60.0,0.0,54.0,54.0,54.0,0.0,2.71875e+06,46875.0,32.0,32.0,64.0,0.0,0.0,0.0,0.0,0.0,0.0,0.0,0.0,0.0,0.0,0.0,0.0,0.0,0.0,0.0,40.0,20.0,31250.0,15625.0,54.0,60.0,58.0,2.828427,8.0,0.0,2.0,1.0,0.0,1.0,0.0,0.0,0.0,0.5,58.0,60.0,54.0,0.0,0.0,0.0,0.0,0.0,0.0,2.0,120.0,1.0,54.0,1024.0,0.0,2.0,20.0,0.0,0.0,0.0,0.0,0.0,0.0,0.0,0.0
368.0,31.0,2.0,1.0,120.0,54.0,60.0,60.0,60.0,0.0,54.0,54.0,54.0,0.0,5.612903e+06,96774.195,15.5,15.5,31.0,0.0,0.0,0.0,0.0,0.0,0.0,0.0,0.0,0.0,0.0,0.0,0.0,0.0,0.0,0.0,40.0,20.0,64516.13,32258.064,54.0,60.0,58.0,2.828427,8.0,0.0,2.0,1.0,0.0,1.0,0.0,0.0,0.0,0.5,58.0,60.0,54.0,0.0,0.0,0.0,0.0,0.0,0.0,2.0,120.0,1.0,54.0,1024.0,0.0,2.0,20.0,0.0,0.0,0.0,0.0,0.0,0.0,0.0,0.0
134.0,29.0,2.0,1.0,120.0,54.0,60.0,60.0,60.0,0.0,54.0,54.0,54.0,0.0,6e+06,103448.27,14.5,14.5,29.0,0.0,0.0,0.0,0.0,0.0,0.0,0.0,0.0,0.0,0.0,0.0,0.0,0.0,0.0,0.0,40.0,20.0,68965.516,34482.758,54.0,60.0,58.0,2.828427,8.0,0.0,2.0,1.0,0.0,1.0,0.0,0.0,0.0,0.5,58.0,60.0,54.0,0.0,0.0,0.0,0.0,0.0,0.0,2.0,120.0,1.0,54.0,1024.0,0.0,2.0,20.0,0.0,0.0,0.0,0.0,0.0,0.0,0.0,0.0
238.0,35.0,2.0,1.0,120.0,54.0,60.0,60.0,60.0,0.0,54.0,54.0,54.0,0.0,4.9714285e+06,85714.29,17.5,17.5,35.0,0.0,0.0,0.0,0.0,0.0,0.0,0.0,0.0,0.0,0.0,0.0,0.0,0.0,0.0,0.0,40.0,20.0,57142.855,28571.428,54.0,60.0,58.0,2.828427,8.0,0.0,2.0,1.0,0.0,1.0,0.0,0.0,0.0,0.5,58.0,60.0,54.0,0.0,0.0,0.0,0.0,0.0,0.0,2.0,120.0,1.0,54.0,1024.0,0.0,2.0,20.0,0.0,0.0,0.0,0.0,0.0,0.0,0.0,0.0
237.0,37.0,2.0,1.0,120.0,54.0,60.0,60.0,60.0,0.0,54.0,54.0,54.0,0.0,4.7027025e+06,81081.08,18.5,18.5,37.0,0.0,0.0,0.0,0.0,0.0,0.0,0.0,0.0,0.0,0.0,0.0,0.0,0.0,0.0,0.0,40.0,20.0,54054.055,27027.027,54.0,60.0,58.0,2.828427,8.0,0.0,2.0,1.0,0.0,1.0,0.0,0.0,0.0,0.5,58.0,60.0,54.0,0.0,0.0,0.0,0.0,0.0,0.0,2.0,120.0,1.0,54.0,1024.0,0.0,2.0,20.0,0.0,0.0,0.0,0.0,0.0,0.0,0.0,0.0
232.0,38.0,2.0,1.0,120.0,54.0,60.0,60.0,60.0,0.0,54.0,54.0,54.0,0.0,4.5789475e+06,78947.37,19.0,19.0,38.0,0.0,0.0,0.0,0.0,0.0,0.0,0.0,0.0,0.0,0.0,0.0,0.0,0.0,0.0,0.0,40.0,20.0,52631.58,26315.79,54.0,60.0,58.0,2.828427,8.0,0.0,2.0,1.0,0.0,1.0,0.0,0.0,0.0,0.5,58.0,60.0,54.0,0.0,0.0,0.0,0.0,0.0,0.0,2.0,120.0,1.0,54.0,1024.0,0.0,2.0,20.0,0.0,0.0,0.0,0.0,0.0,0.0,0.0,0.0
325.0,36.0,2.0,1.0,120.0,54.0,60.0,60.0,60.0,0.0,54.0,54.0,54.0,0.0,4.8333335e+06,83333.336,18.0,18.0,36.0,0.0,0.0,0.0,0.0,0.0,0.0,0.0,0.0,0.0,0.0,0.0,0.0,0.0,0.0,0.0,40.0,20.0,55555.555,27777.777,54.0,60.0,58.0,2.828427,8.0,0.0,2.0,1.0,0.0,1.0,0.0,0.0,0.0,0.5,58.0,60.0,54.0,0.0,0.0,0.0,0.0,0.0,0.0,2.0,120.0,1.0,54.0,1024.0,0.0,2.0,20.0,0.0,0.0,0.0,0.0,0.0,0.0,0.0,0.0
254.0,32.0,2.0,1.0,120.0,54.0,60.0,60.0,60.0,0.0,54.0,54.0,54.0,0.0,5.4375e+06,93750.0,16.0,16.0,32.0,0.0,0.0,0.0,0.0,0.0,0.0,0.0,0.0,0.0,0.0,0.0,0.0,0.0,0.0,0.0,40.0,20.0,62500.0,31250.0,54.0,60.0,58.0,2.828427,8.0,0.0,2.0,1.0,0.0,1.0,0.0,0.0,0.0,0.5,58.0,60.0,54.0,0.0,0.0,0.0,0.0,0.0,0.0,2.0,120.0,1.0,54.0,1024.0,0.0,2.0,20.0,0.0,0.0,0.0,0.0,0.0,0.0,0.0,0.0
376.0,30.0,2.0,1.0,120.0,54.0,60.0,60.0,60.0,0.0,54.0,54.0,54.0,0.0,5.8e+06,100000.0,15.0,15.0,30.0,0.0,0.0,0.0,0.0,0.0,0.0,0.0,0.0,0.0,0.0,0.0,0.0,0.0,0.0,0.0,40.0,20.0,66666.664,33333.332,54.0,60.0,58.0,2.828427,8.0,0.0,2.0,1.0,0.0,1.0,0.0,0.0,0.0,0.5,58.0,60.0,54.0,0.0,0.0,0.0,0.0,0.0,0.0,2.0,120.0,1.0,54.0,1024.0,0.0,2.0,20.0,0.0,0.0,0.0,0.0,0.0,0.0,0.0,0.0
338.0,31.0,2.0,1.0,120.0,54.0,60.0,60.0,60.0,0.0,54.0,54.0,54.0,0.0,5.612903e+06,96774.195,15.5,15.5,31.0,0.0,0.0,0.0,0.0,0.0,0.0,0.0,0.0,0.0,0.0,0.0,0.0,0.0,0.0,0.0,40.0,20.0,64516.13,32258.064,54.0,60.0,58.0,2.828427,8.0,0.0,2.0,1.0,0.0,1.0,0.0,0.0,0.0,0.5,58.0,60.0,54.0,0.0,0.0,0.0,0.0,0.0,0.0,2.0,120.0,1.0,54.0,1024.0,0.0,2.0,20.0,0.0,0.0,0.0,0.0,0.0,0.0,0.0,0.0
390.0,29.0,2.0,1.0,120.0,54.0,60.0,60.0,60.0,0.0,54.0,54.0,54.0,0.0,6e+06,103448.27,14.5,14.5,29.0,0.0,0.0,0.0,0.0,0.0,0.0,0.0,0.0,0.0,0.0,0.0,0.0,0.0,0.0,0.0,40.0,20.0,68965.516,34482.758,54.0,60.0,58.0,2.828427,8.0,0.0,2.0,1.0,0.0,1.0,0.0,0.0,0.0,0.5,58.0,60.0,54.0,0.0,0.0,0.0,0.0,0.0,0.0,2.0,120.0,1.0,54.0,1024.0,0.0,2.0,20.0,0.0,0.0,0.0,0.0,0.0,0.0,0.0,0.0
16.0,48.0,2.0,1.0,120.0,54.0,60.0,60.0,60.0,0.0,54.0,54.0,54.0,0.0,3.625e+06,62500.0,24.0,24.0,48.0,0.0,0.0,0.0,0.0,0.0,0.0,0.0,0.0,0.0,0.0,0.0,0.0,0.0,0.0,0.0,40.0,20.0,41666.668,20833.334,54.0,60.0,58.0,2.828427,8.0,0.0,2.0,1.0,0.0,1.0,0.0,0.0,0.0,0.5,58.0,60.0,54.0,0.0,0.0,0.0,0.0,0.0,0.0,2.0,120.0,1.0,54.0,1024.0,0.0,2.0,20.0,0.0,0.0,0.0,0.0,0.0,0.0,0.0,0.0
384.0,35.0,2.0,1.0,120.0,54.0,60.0,60.0,60.0,0.0,54.0,54.0,54.0,0.0,4.9714285e+06,85714.29,17.5,17.5,35.0,0.0,0.0,0.0,0.0,0.0,0.0,0.0,0.0,0.0,0.0,0.0,0.0,0.0,0.0,0.0,40.0,20.0,57142.855,28571.428,54.0,60.0,58.0,2.828427,8.0,0.0,2.0,1.0,0.0,1.0,0.0,0.0,0.0,0.5,58.0,60.0,54.0,0.0,0.0,0.0,0.0,0.0,0.0,2.0,120.0,1.0,54.0,1024.0,0.0,2.0,20.0,0.0,0.0,0.0,0.0,0.0,0.0,0.0,0.0
391.0,32.0,2.0,1.0,120.0,54.0,60.0,60.0,60.0,0.0,54.0,54.0,54.0,0.0,5.4375e+06,93750.0,16.0,16.0,32.0,0.0,0.0,0.0,0.0,0.0,0.0,0.0,0.0,0.0,0.0,0.0,0.0,0.0,0.0,0.0,40.0,20.0,62500.0,31250.0,54.0,60.0,58.0,2.828427,8.0,0.0,2.0,1.0,0.0,1.0,0.0,0.0,0.0,0.5,58.0,60.0,54.0,0.0,0.0,0.0,0.0,0.0,0.0,2.0,120.0,1.0,54.0,1024.0,0.0,2.0,20.0,0.0,0.0,0.0,0.0,0.0,0.0,0.0,0.0
162.0,34.0,2.0,1.0,120.0,54.0,60.0,60.0,60.0,0.0,54.0,54.0,54.0,0.0,5.117647e+06,88235.3,17.0,17.0,34.0,0.0,0.0,0.0,0.0,0.0,0.0,0.0,0.0,0.0,0.0,0.0,0.0,0.0,0.0,0.0,40.0,20.0,58823.53,29411.766,54.0,60.0,58.0,2.828427,8.0,0.0,2.0,1.0,0.0,1.0,0.0,0.0,0.0,0.5,58.0,60.0,54.0,0.0,0.0,0.0,0.0,0.0,0.0,2.0,120.0,1.0,54.0,1024.0,0.0,2.0,20.0,0.0,0.0,0.0,0.0,0.0,0.0,0.0,0.0
302.0,32.0,2.0,1.0,120.0,54.0,60.0,60.0,60.0,0.0,54.0,54.0,54.0,0.0,5.4375e+06,93750.0,16.0,16.0,32.0,0.0,0.0,0.0,0.0,0.0,0.0,0.0,0.0,0.0,0.0,0.0,0.0,0.0,0.0,0.0,40.0,20.0,62500.0,31250.0,54.0,60.0,58.0,2.828427,8.0,0.0,2.0,1.0,0.0,1.0,0.0,0.0,0.0,0.5,58.0,60.0,54.0,0.0,0.0,0.0,0.0,0.0,0.0,2.0,120.0,1.0,54.0,1024.0,0.0,2.0,20.0,0.0,0.0,0.0,0.0,0.0,0.0,0.0,0.0
408.0,36.0,2.0,1.0,120.0,54.0,60.0,60.0,60.0,0.0,54.0,54.0,54.0,0.0,4.8333335e+06,83333.336,18.0,18.0,36.0,0.0,0.0,0.0,0.0,0.0,0.0,0.0,0.0,0.0,0.0,0.0,0.0,0.0,0.0,0.0,40.0,20.0,55555.555,27777.777,54.0,60.0,58.0,2.828427,8.0,0.0,2.0,1.0,0.0,1.0,0.0,0.0,0.0,0.5,58.0,60.0,54.0,0.0,0.0,0.0,0.0,0.0,0.0,2.0,120.0,1.0,54.0,1024.0,0.0,2.0,20.0,0.0,0.0,0.0,0.0,0.0,0.0,0.0,0.0
481.0,37.0,2.0,1.0,120.0,54.0,60.0,60.0,60.0,0.0,54.0,54.0,54.0,0.0,4.7027025e+06,81081.08,18.5,18.5,37.0,0.0,0.0,0.0,0.0,0.0,0.0,0.0,0.0,0.0,0.0,0.0,0.0,0.0,0.0,0.0,40.0,20.0,54054.055,27027.027,54.0,60.0,58.0,2.828427,8.0,0.0,2.0,1.0,0.0,1.0,0.0,0.0,0.0,0.5,58.0,60.0,54.0,0.0,0.0,0.0,0.0,0.0,0.0,2.0,120.0,1.0,54.0,1024.0,0.0,2.0,20.0,0.0,0.0,0.0,0.0,0.0,0.0,0.0,0.0
286.0,29.0,2.0,1.0,120.0,54.0,60.0,60.0,60.0,0.0,54.0,54.0,54.0,0.0,6e+06,103448.27,14.5,14.5,29.0,0.0,0.0,0.0,0.0,0.0,0.0,0.0,0.0,0.0,0.0,0.0,0.0,0.0,0.0,0.0,40.0,20.0,68965.516,34482.758,54.0,60.0,58.0,2.828427,8.0,0.0,2.0,1.0,0.0,1.0,0.0,0.0,0.0,0.5,58.0,60.0,54.0,0.0,0.0,0.0,0.0,0.0,0.0,2.0,120.0,1.0,54.0,1024.0,0.0,2.0,20.0,0.0,0.0,0.0,0.0,0.0,0.0,0.0,0.0
416.0,30.0,2.0,1.0,120.0,54.0,60.0,60.0,60.0,0.0,54.0,54.0,54.0,0.0,5.8e+06,100000.0,15.0,15.0,30.0,0.0,0.0,0.0,0.0,0.0,0.0,0.0,0.0,0.0,0.0,0.0,0.0,0.0,0.0,0.0,40.0,20.0,66666.664,33333.332,54.0,60.0,58.0,2.828427,8.0,0.0,2.0,1.0,0.0,1.0,0.0,0.0,0.0,0.5,58.0,60.0,54.0,0.0,0.0,0.0,0.0,0.0,0.0,2.0,120.0,1.0,54.0,1024.0,0.0,2.0,20.0,0.0,0.0,0.0,0.0,0.0,0.0,0.0,0.0
454.0,35.0,2.0,1.0,120.0,54.0,60.0,60.0,60.0,0.0,54.0,54.0,54.0,0.0,4.9714285e+06,85714.29,17.5,17.5,35.0,0.0,0.0,0.0,0.0,0.0,0.0,0.0,0.0,0.0,0.0,0.0,0.0,0.0,0.0,0.0,40.0,20.0,57142.855,28571.428,54.0,60.0,58.0,2.828427,8.0,0.0,2.0,1.0,0.0,1.0,0.0,0.0,0.0,0.5,58.0,60.0,54.0,0.0,0.0,0.0,0.0,0.0,0.0,2.0,120.0,1.0,54.0,1024.0,0.0,2.0,20.0,0.0,0.0,0.0,0.0,0.0,0.0,0.0,0.0
59.0,38.0,2.0,1.0,120.0,54.0,60.0,60.0,60.0,0.0,54.0,54.0,54.0,0.0,4.5789475e+06,78947.37,19.0,19.0,38.0,0.0,0.0,0.0,0.0,0.0,0.0,0.0,0.0,0.0,0.0,0.0,0.0,0.0,0.0,0.0,40.0,20.0,52631.58,26315.79,54.0,60.0,58.0,2.828427,8.0,0.0,2.0,1.0,0.0,1.0,0.0,0.0,0.0,0.5,58.0,60.0,54.0,0.0,0.0,0.0,0.0,0.0,0.0,2.0,120.0,1.0,54.0,1024.0,0.0,2.0,20.0,0.0,0.0,0.0,0.0,0.0,0.0,0.0,0.0
309.0,42.0,2.0,1.0,120.0,54.0,60.0,60.0,60.0,0.0,54.0,54.0,54.0,0.0,4.1428572e+06,71428.57,21.0,21.0,42.0,0.0,0.0,0.0,0.0,0.0,0.0,0.0,0.0,0.0,0.0,0.0,0.0,0.0,0.0,0.0,40.0,20.0,47619.047,23809.523,54.0,60.0,58.0,2.828427,8.0,0.0,2.0,1.0,0.0,1.0,0.0,0.0,0.0,0.5,58.0,60.0,54.0,0.0,0.0,0.0,0.0,0.0,0.0,2.0,120.0,1.0,54.0,1024.0,0.0,2.0,20.0,0.0,0.0,0.0,0.0,0.0,0.0,0.0,0.0
184.0,36.0,2.0,1.0,120.0,54.0,60.0,60.0,60.0,0.0,54.0,54.0,54.0,0.0,4.8333335e+06,83333.336,18.0,18.0,36.0,0.0,0.0,0.0,0.0,0.0,0.0,0.0,0.0,0.0,0.0,0.0,0.0,0.0,0.0,0.0,40.0,20.0,55555.555,27777.777,54.0,60.0,58.0,2.828427,8.0,0.0,2.0,1.0,0.0,1.0,0.0,0.0,0.0,0.5,58.0,60.0,54.0,0.0,0.0,0.0,0.0,0.0,0.0,2.0,120.0,1.0,54.0,1024.0,0.0,2.0,20.0,0.0,0.0,0.0,0.0,0.0,0.0,0.0,0.0
456.0,44.0,2.0,1.0,120.0,54.0,60.0,60.0,60.0,0.0,54.0,54.0,54.0,0.0,3.9545455e+06,68181.82,22.0,22.0,44.0,0.0,0.0,0.0,0.0,0.0,0.0,0.0,0.0,0.0,0.0,0.0,0.0,0.0,0.0,0.0,40.0,20.0,45454.547,22727.273,54.0,60.0,58.0,2.828427,8.0,0.0,2.0,1.0,0.0,1.0,0.0,0.0,0.0,0.5,58.0,60.0,54.0,0.0,0.0,0.0,0.0,0.0,0.0,2.0,120.0,1.0,54.0,1024.0,0.0,2.0,20.0,0.0,0.0,0.0,0.0,0.0,0.0,0.0,0.0
323.0,37.0,2.0,1.0,120.0,54.0,60.0,60.0,60.0,0.0,54.0,54.0,54.0,0.0,4.7027025e+06,81081.08,18.5,18.5,37.0,0.0,0.0,0.0,0.0,0.0,0.0,0.0,0.0,0.0,0.0,0.0,0.0,0.0,0.0,0.0,40.0,20.0,54054.055,27027.027,54.0,60.0,58.0,2.828427,8.0,0.0,2.0,1.0,0.0,1.0,0.0,0.0,0.0,0.5,58.0,60.0,54.0,0.0,0.0,0.0,0.0,0.0,0.0,2.0,120.0,1.0,54.0,1024.0,0.0,2.0,20.0,0.0,0.0,0.0,0.0,0.0,0.0,0.0,0.0
104.0,30.0,2.0,1.0,120.0,54.0,60.0,60.0,60.0,0.0,54.0,54.0,54.0,0.0,5.8e+06,100000.0,15.0,15.0,30.0,0.0,0.0,0.0,0.0,0.0,0.0,0.0,0.0,0.0,0.0,0.0,0.0,0.0,0.0,0.0,40.0,20.0,66666.664,33333.332,54.0,60.0,58.0,2.828427,8.0,0.0,2.0,1.0,0.0,1.0,0.0,0.0,0.0,0.5,58.0,60.0,54.0,0.0,0.0,0.0,0.0,0.0,0.0,2.0,120.0,1.0,54.0,1024.0,0.0,2.0,20.0,0.0,0.0,0.0,0.0,0.0,0.0,0.0,0.0
173.0,51.0,2.0,1.0,120.0,54.0,60.0,60.0,60.0,0.0,54.0,54.0,54.0,0.0,3.4117648e+06,58823.53,25.5,25.5,51.0,0.0,0.0,0.0,0.0,0.0,0.0,0.0,0.0,0.0,0.0,0.0,0.0,0.0,0.0,0.0,40.0,20.0,39215.688,19607.844,54.0,60.0,58.0,2.828427,8.0,0.0,2.0,1.0,0.0,1.0,0.0,0.0,0.0,0.5,58.0,60.0,54.0,0.0,0.0,0.0,0.0,0.0,0.0,2.0,120.0,1.0,54.0,1024.0,0.0,2.0,20.0,0.0,0.0,0.0,0.0,0.0,0.0,0.0,0.0
9.0,30.0,2.0,1.0,120.0,54.0,60.0,60.0,60.0,0.0,54.0,54.0,54.0,0.0,5.8e+06,100000.0,15.0,15.0,30.0,0.0,0.0,0.0,0.0,0.0,0.0,0.0,0.0,0.0,0.0,0.0,0.0,0.0,0.0,0.0,40.0,20.0,66666.664,33333.332,54.0,60.0,58.0,2.828427,8.0,0.0,2.0,1.0,0.0,1.0,0.0,0.0,0.0,0.5,58.0,60.0,54.0,0.0,0.0,0.0,0.0,0.0,0.0,2.0,120.0,1.0,54.0,1024.0,0.0,2.0,20.0,0.0,0.0,0.0,0.0,0.0,0.0,0.0,0.0
496.0,30.0,2.0,1.0,120.0,54.0,60.0,60.0,60.0,0.0,54.0,54.0,54.0,0.0,5.8e+06,100000.0,15.0,15.0,30.0,0.0,0.0,0.0,0.0,0.0,0.0,0.0,0.0,0.0,0.0,0.0,0.0,0.0,0.0,0.0,40.0,20.0,66666.664,33333.332,54.0,60.0,58.0,2.828427,8.0,0.0,2.0,1.0,0.0,1.0,0.0,0.0,0.0,0.5,58.0,60.0,54.0,0.0,0.0,0.0,0.0,0.0,0.0,2.0,120.0,1.0,54.0,1024.0,0.0,2.0,20.0,0.0,0.0,0.0,0.0,0.0,0.0,0.0,0.0
128.0,34.0,2.0,1.0,120.0,54.0,60.0,60.0,60.0,0.0,54.0,54.0,54.0,0.0,5.117647e+06,88235.3,17.0,17.0,34.0,0.0,0.0,0.0,0.0,0.0,0.0,0.0,0.0,0.0,0.0,0.0,0.0,0.0,0.0,0.0,40.0,20.0,58823.53,29411.766,54.0,60.0,58.0,2.828427,8.0,0.0,2.0,1.0,0.0,1.0,0.0,0.0,0.0,0.5,58.0,60.0,54.0,0.0,0.0,0.0,0.0,0.0,0.0,2.0,120.0,1.0,54.0,1024.0,0.0,2.0,20.0,0.0,0.0,0.0,0.0,0.0,0.0,0.0,0.0
436.0,32.0,2.0,1.0,120.0,54.0,60.0,60.0,60.0,0.0,54.0,54.0,54.0,0.0,5.4375e+06,93750.0,16.0,16.0,32.0,0.0,0.0,0.0,0.0,0.0,0.0,0.0,0.0,0.0,0.0,0.0,0.0,0.0,0.0,0.0,40.0,20.0,62500.0,31250.0,54.0,60.0,58.0,2.828427,8.0,0.0,2.0,1.0,0.0,1.0,0.0,0.0,0.0,0.5,58.0,60.0,54.0,0.0,0.0,0.0,0.0,0.0,0.0,2.0,120.0,1.0,54.0,1024.0,0.0,2.0,20.0,0.0,0.0,0.0,0.0,0.0,0.0,0.0,0.0
114.0,48.0,2.0,1.0,120.0,54.0,60.0,60.0,60.0,0.0,54.0,54.0,54.0,0.0,3.625e+06,62500.0,24.0,24.0,48.0,0.0,0.0,0.0,0.0,0.0,0.0,0.0,0.0,0.0,0.0,0.0,0.0,0.0,0.0,0.0,40.0,20.0,41666.668,20833.334,54.0,60.0,58.0,2.828427,8.0,0.0,2.0,1.0,0.0,1.0,0.0,0.0,0.0,0.5,58.0,60.0,54.0,0.0,0.0,0.0,0.0,0.0,0.0,2.0,120.0,1.0,54.0,1024.0,0.0,2.0,20.0,0.0,0.0,0.0,0.0,0.0,0.0,0.0,0.0
252.0,50.0,2.0,1.0,120.0,54.0,60.0,60.0,60.0,0.0,54.0,54.0,54.0,0.0,3.48e+06,60000.0,25.0,25.0,50.0,0.0,0.0,0.0,0.0,0.0,0.0,0.0,0.0,0.0,0.0,0.0,0.0,0.0,0.0,0.0,40.0,20.0,40000.0,20000.0,54.0,60.0,58.0,2.828427,8.0,0.0,2.0,1.0,0.0,1.0,0.0,0.0,0.0,0.5,58.0,60.0,54.0,0.0,0.0,0.0,0.0,0.0,0.0,2.0,120.0,1.0,54.0,1024.0,0.0,2.0,20.0,0.0,0.0,0.0,0.0,0.0,0.0,0.0,0.0
432.0,52.0,2.0,1.0,120.0,54.0,60.0,60.0,60.0,0.0,54.0,54.0,54.0,0.0,3.3461538e+06,57692.31,26.0,26.0,52.0,0.0,0.0,0.0,0.0,0.0,0.0,0.0,0.0,0.0,0.0,0.0,0.0,0.0,0.0,0.0,40.0,20.0,38461.54,19230.77,54.0,60.0,58.0,2.828427,8.0,0.0,2.0,1.0,0.0,1.0,0.0,0.0,0.0,0.5,58.0,60.0,54.0,0.0,0.0,0.0,0.0,0.0,0.0,2.0,120.0,1.0,54.0,1024.0,0.0,2.0,20.0,0.0,0.0,0.0,0.0,0.0,0.0,0.0,0.0
